VOLKSWAGEN,大众,途安全系,TUANQUANXI,ZEON C7,/image/img0314.jpg,ZEON C7专为您量身定制殿堂级得舒适静音享受，采用MCT 记忆性舒适科技(Menorable Comfort Techonlogy)，给您带来更静音舒适的驾乘体验。,/c7_detail.html
VOLKSWAGEN,大众,高尔夫,GAOERFU,ZEON C7,/image/img0314.jpg,ZEON C7专为您量身定制殿堂级得舒适静音享受，采用MCT 记忆性舒适科技(Menorable Comfort Techonlogy)，给您带来更静音舒适的驾乘体验。,/c7_detail.html
VOLKSWAGEN,大众,迈腾,SAGITAR,ZEON C7,/image/img0314.jpg,ZEON C7专为您量身定制殿堂级得舒适静音享受，采用MCT 记忆性舒适科技(Menorable Comfort Techonlogy)，给您带来更静音舒适的驾乘体验。,/c7_detail.html
VOLKSWAGEN,大众,CC,CC,ZEON C7,/image/img0314.jpg,ZEON C7专为您量身定制殿堂级得舒适静音享受，采用MCT 记忆性舒适科技(Menorable Comfort Techonlogy)，给您带来更静音舒适的驾乘体验。,/c7_detail.html
TOYOTA,丰田,凯美瑞,CARMY,ZEON C7,/image/img0314.jpg,ZEON C7专为您量身定制殿堂级得舒适静音享受，采用MCT 记忆性舒适科技(Menorable Comfort Techonlogy)，给您带来更静音舒适的驾乘体验。,/c7_detail.html
HONDA,本田,思域,SIYU,ZEON C7,/image/img0314.jpg,ZEON C7专为您量身定制殿堂级得舒适静音享受，采用MCT 记忆性舒适科技(Menorable Comfort Techonlogy)，给您带来更静音舒适的驾乘体验。,/c7_detail.html
HONDA,本田,奥德赛,AODESAI,ZEON C7,/image/img0314.jpg,ZEON C7专为您量身定制殿堂级得舒适静音享受，采用MCT 记忆性舒适科技(Menorable Comfort Techonlogy)，给您带来更静音舒适的驾乘体验。,/c7_detail.html
HONDA,本田,奥德赛2.4,AODESAI2.4,ZEON C7,/image/img0314.jpg,ZEON C7专为您量身定制殿堂级得舒适静音享受，采用MCT 记忆性舒适科技(Menorable Comfort Techonlogy)，给您带来更静音舒适的驾乘体验。,/c7_detail.html
CHEVY,雪弗兰,科鲁兹1.6,CRUZE1.6,ZEON C7,/image/img0314.jpg,ZEON C7专为您量身定制殿堂级得舒适静音享受，采用MCT 记忆性舒适科技(Menorable Comfort Techonlogy)，给您带来更静音舒适的驾乘体验。,/c7_detail.html
CHEVY,雪弗兰,科鲁兹1.8,CRUZE1.8,ZEON C7,/image/img0314.jpg,ZEON C7专为您量身定制殿堂级得舒适静音享受，采用MCT 记忆性舒适科技(Menorable Comfort Techonlogy)，给您带来更静音舒适的驾乘体验。,/c7_detail.html
KALUOLA,卡罗拉,卡罗拉1.8,KALUOLA1.8,ZEON C7,/image/img0314.jpg,ZEON C7专为您量身定制殿堂级得舒适静音享受，采用MCT 记忆性舒适科技(Menorable Comfort Techonlogy)，给您带来更静音舒适的驾乘体验。,/c7_detail.html
KALUOLA,卡罗拉,卡罗拉2.0,KALUOLA2.0,ZEON C7,/image/img0314.jpg,ZEON C7专为您量身定制殿堂级得舒适静音享受，采用MCT 记忆性舒适科技(Menorable Comfort Techonlogy)，给您带来更静音舒适的驾乘体验。,/c7_detail.html
VOLKSWAGEN,大众,领驭1.8T,PASSAT1.8T,ZEON C7,/image/img0314.jpg,ZEON C7专为您量身定制殿堂级得舒适静音享受，采用MCT 记忆性舒适科技(Menorable Comfort Techonlogy)，给您带来更静音舒适的驾乘体验。,/c7_detail.html
VOLKSWAGEN,大众,领驭2.0,PASSAT2.0,ZEON C7,/image/img0314.jpg,ZEON C7专为您量身定制殿堂级得舒适静音享受，采用MCT 记忆性舒适科技(Menorable Comfort Techonlogy)，给您带来更静音舒适的驾乘体验。,/c7_detail.html
MAZDA,马自达,马自达6,MAZDA6,ZEON C7,/image/img0314.jpg,ZEON C7专为您量身定制殿堂级得舒适静音享受，采用MCT 记忆性舒适科技(Menorable Comfort Techonlogy)，给您带来更静音舒适的驾乘体验。,/c7_detail.html
HONDA,本田,雅阁3.0,ACCORD3.0,ZEON C7,/image/img0314.jpg,ZEON C7专为您量身定制殿堂级得舒适静音享受，采用MCT 记忆性舒适科技(Menorable Comfort Techonlogy)，给您带来更静音舒适的驾乘体验。,/c7_detail.html
HONDA,本田,雅阁,ACCORD,ZEON C7,/image/img0314.jpg,ZEON C7专为您量身定制殿堂级得舒适静音享受，采用MCT 记忆性舒适科技(Menorable Comfort Techonlogy)，给您带来更静音舒适的驾乘体验。,/c7_detail.html
BUICK,别克,英朗GT1.6,EXCELLE GT1.6,ZEON C7,/image/img0314.jpg,ZEON C7专为您量身定制殿堂级得舒适静音享受，采用MCT 记忆性舒适科技(Menorable Comfort Techonlogy)，给您带来更静音舒适的驾乘体验。,/c7_detail.html
BUICK,别克,英朗GT1.8,EXCELLE GT1.8,ZEON C7,/image/img0314.jpg,ZEON C7专为您量身定制殿堂级得舒适静音享受，采用MCT 记忆性舒适科技(Menorable Comfort Techonlogy)，给您带来更静音舒适的驾乘体验。,/c7_detail.html
BUICK,别克,英朗XT1.6,EXCELLE XT1.6,ZEON C7,/image/img0314.jpg,ZEON C7专为您量身定制殿堂级得舒适静音享受，采用MCT 记忆性舒适科技(Menorable Comfort Techonlogy)，给您带来更静音舒适的驾乘体验。,/c7_detail.html
BUICK,别克,英朗XT1.8,EXCELLE XT1.8,ZEON C7,/image/img0314.jpg,ZEON C7专为您量身定制殿堂级得舒适静音享受，采用MCT 记忆性舒适科技(Menorable Comfort Techonlogy)，给您带来更静音舒适的驾乘体验。,/c7_detail.html
MITSUBISHI,三菱,翼神,YISHEN,ZEON C7,/image/img0314.jpg,ZEON C7专为您量身定制殿堂级得舒适静音享受，采用MCT 记忆性舒适科技(Menorable Comfort Techonlogy)，给您带来更静音舒适的驾乘体验。,/c7_detail.html
AUDI,奥迪,A6L,"A6L2,0",ZEON C7,/image/img0314.jpg,ZEON C7专为您量身定制殿堂级得舒适静音享受，采用MCT 记忆性舒适科技(Menorable Comfort Techonlogy)，给您带来更静音舒适的驾乘体验。,/c7_detail.html
AUDI,奥迪,A4L,A4L1.8T,ZEON C7,/image/img0314.jpg,ZEON C7专为您量身定制殿堂级得舒适静音享受，采用MCT 记忆性舒适科技(Menorable Comfort Techonlogy)，给您带来更静音舒适的驾乘体验。,/c7_detail.html
AUDI,奥迪,A4L,A4L2.0T,ZEON C7,/image/img0314.jpg,ZEON C7专为您量身定制殿堂级得舒适静音享受，采用MCT 记忆性舒适科技(Menorable Comfort Techonlogy)，给您带来更静音舒适的驾乘体验。,/c7_detail.html
AUDI,奥迪,A4L,A4L,ZEON C7,/image/img0314.jpg,ZEON C7专为您量身定制殿堂级得舒适静音享受，采用MCT 记忆性舒适科技(Menorable Comfort Techonlogy)，给您带来更静音舒适的驾乘体验。,/c7_detail.html
AUDI,奥迪,A4,A4,ZEON C7,/image/img0314.jpg,ZEON C7专为您量身定制殿堂级得舒适静音享受，采用MCT 记忆性舒适科技(Menorable Comfort Techonlogy)，给您带来更静音舒适的驾乘体验。,/c7_detail.html
AUDI,奥迪,A6,A6,ZEON C7,/image/img0314.jpg,ZEON C7专为您量身定制殿堂级得舒适静音享受，采用MCT 记忆性舒适科技(Menorable Comfort Techonlogy)，给您带来更静音舒适的驾乘体验。,/c7_detail.html
AUDI,奥迪,A6L,A6L,ZEON C7,/image/img0314.jpg,ZEON C7专为您量身定制殿堂级得舒适静音享受，采用MCT 记忆性舒适科技(Menorable Comfort Techonlogy)，给您带来更静音舒适的驾乘体验。,/c7_detail.html
TOYOTA,丰田,卡罗拉2.0,COROLLA2.0,ZEON C7,/image/img0314.jpg,ZEON C7专为您量身定制殿堂级得舒适静音享受，采用MCT 记忆性舒适科技(Menorable Comfort Techonlogy)，给您带来更静音舒适的驾乘体验。,/c7_detail.html
TOYOTA,丰田,卡罗拉1.8,COROLLA1.8,ZEON C7,/image/img0314.jpg,ZEON C7专为您量身定制殿堂级得舒适静音享受，采用MCT 记忆性舒适科技(Menorable Comfort Techonlogy)，给您带来更静音舒适的驾乘体验。,/c7_detail.html
TOYOTA,丰田,锐志,Toyata Reiz3.0V,ZEON C7,/image/img0314.jpg,ZEON C7专为您量身定制殿堂级得舒适静音享受，采用MCT 记忆性舒适科技(Menorable Comfort Techonlogy)，给您带来更静音舒适的驾乘体验。,/c7_detail.html
TOYOTA,丰田,思铂睿,SPIRIOR,ZEON C7,/image/img0314.jpg,ZEON C7专为您量身定制殿堂级得舒适静音享受，采用MCT 记忆性舒适科技(Menorable Comfort Techonlogy)，给您带来更静音舒适的驾乘体验。,/c7_detail.html
TOYOTA,丰田,凯美瑞240V,CARMY240V,ZEON C7,/image/img0314.jpg,ZEON C7专为您量身定制殿堂级得舒适静音享受，采用MCT 记忆性舒适科技(Menorable Comfort Techonlogy)，给您带来更静音舒适的驾乘体验。,/c7_detail.html
TOYOTA,丰田,凯美瑞3.5,CARMY3.5,ZEON C7,/image/img0314.jpg,ZEON C7专为您量身定制殿堂级得舒适静音享受，采用MCT 记忆性舒适科技(Menorable Comfort Techonlogy)，给您带来更静音舒适的驾乘体验。,/c7_detail.html
TOYOTA,丰田,雷克萨斯 ES350,LEXUS ES350,ZEON C7,/image/img0314.jpg,ZEON C7专为您量身定制殿堂级得舒适静音享受，采用MCT 记忆性舒适科技(Menorable Comfort Techonlogy)，给您带来更静音舒适的驾乘体验。,/c7_detail.html
TOYOTA,丰田,雷克萨斯 ES330,LEXUS ES330,ZEON C7,/image/img0314.jpg,ZEON C7专为您量身定制殿堂级得舒适静音享受，采用MCT 记忆性舒适科技(Menorable Comfort Techonlogy)，给您带来更静音舒适的驾乘体验。,/c7_detail.html
TOYOTA,丰田,雷克萨斯 GS300,LEXUS GS300,ZEON C7,/image/img0314.jpg,ZEON C7专为您量身定制殿堂级得舒适静音享受，采用MCT 记忆性舒适科技(Menorable Comfort Techonlogy)，给您带来更静音舒适的驾乘体验。,/c7_detail.html
TOYOTA,丰田,雷克萨斯 GS430,LEXUS GS430,ZEON C7,/image/img0314.jpg,ZEON C7专为您量身定制殿堂级得舒适静音享受，采用MCT 记忆性舒适科技(Menorable Comfort Techonlogy)，给您带来更静音舒适的驾乘体验。,/c7_detail.html
TOYOTA,丰田,雷克萨斯 LS400,LEXUS LS400,ZEON C7,/image/img0314.jpg,ZEON C7专为您量身定制殿堂级得舒适静音享受，采用MCT 记忆性舒适科技(Menorable Comfort Techonlogy)，给您带来更静音舒适的驾乘体验。,/c7_detail.html
TOYOTA,丰田,雷克萨斯 GL830,LEXUS GL830,ZEON C7,/image/img0314.jpg,ZEON C7专为您量身定制殿堂级得舒适静音享受，采用MCT 记忆性舒适科技(Menorable Comfort Techonlogy)，给您带来更静音舒适的驾乘体验。,/c7_detail.html
Mercedes-Benz,奔驰,E260,E260,ZEON C7,/image/img0314.jpg,ZEON C7专为您量身定制殿堂级得舒适静音享受，采用MCT 记忆性舒适科技(Menorable Comfort Techonlogy)，给您带来更静音舒适的驾乘体验。,/c7_detail.html
Mercedes-Benz,奔驰,E300,E300,ZEON C7,/image/img0314.jpg,ZEON C7专为您量身定制殿堂级得舒适静音享受，采用MCT 记忆性舒适科技(Menorable Comfort Techonlogy)，给您带来更静音舒适的驾乘体验。,/c7_detail.html
Mercedes-Benz,奔驰,E350,E350,ZEON C7,/image/img0314.jpg,ZEON C7专为您量身定制殿堂级得舒适静音享受，采用MCT 记忆性舒适科技(Menorable Comfort Techonlogy)，给您带来更静音舒适的驾乘体验。,/c7_detail.html
Mercedes-Benz,奔驰,E240,E240,ZEON C7,/image/img0314.jpg,ZEON C7专为您量身定制殿堂级得舒适静音享受，采用MCT 记忆性舒适科技(Menorable Comfort Techonlogy)，给您带来更静音舒适的驾乘体验。,/c7_detail.html
Mercedes-Benz,奔驰,E280,E280,ZEON C7,/image/img0314.jpg,ZEON C7专为您量身定制殿堂级得舒适静音享受，采用MCT 记忆性舒适科技(Menorable Comfort Techonlogy)，给您带来更静音舒适的驾乘体验。,/c7_detail.html
Mercedes-Benz,奔驰,E320,E320,ZEON C7,/image/img0314.jpg,ZEON C7专为您量身定制殿堂级得舒适静音享受，采用MCT 记忆性舒适科技(Menorable Comfort Techonlogy)，给您带来更静音舒适的驾乘体验。,/c7_detail.html
Mercedes-Benz,奔驰,S350,S350,ZEON C7,/image/img0314.jpg,ZEON C7专为您量身定制殿堂级得舒适静音享受，采用MCT 记忆性舒适科技(Menorable Comfort Techonlogy)，给您带来更静音舒适的驾乘体验。,/c7_detail.html
Mercedes-Benz,奔驰,CL500,CL500,ZEON C7,/image/img0314.jpg,ZEON C7专为您量身定制殿堂级得舒适静音享受，采用MCT 记忆性舒适科技(Menorable Comfort Techonlogy)，给您带来更静音舒适的驾乘体验。,/c7_detail.html
BUICK,别克,林荫大道2.8,PARK AVENUE2.8,ZEON C7,/image/img0314.jpg,ZEON C7专为您量身定制殿堂级得舒适静音享受，采用MCT 记忆性舒适科技(Menorable Comfort Techonlogy)，给您带来更静音舒适的驾乘体验。,/c7_detail.html
BUICK,别克,林荫大道3.6,PARK AVENUE3.6,ZEON C7,/image/img0314.jpg,ZEON C7专为您量身定制殿堂级得舒适静音享受，采用MCT 记忆性舒适科技(Menorable Comfort Techonlogy)，给您带来更静音舒适的驾乘体验。,/c7_detail.html
BUICK,别克,林荫大道3.0,PARK AVENUE3.0,ZEON C7,/image/img0314.jpg,ZEON C7专为您量身定制殿堂级得舒适静音享受，采用MCT 记忆性舒适科技(Menorable Comfort Techonlogy)，给您带来更静音舒适的驾乘体验。,/c7_detail.html
BUICK,别克,君威3.0,REGAL3.0,ZEON C7,/image/img0314.jpg,ZEON C7专为您量身定制殿堂级得舒适静音享受，采用MCT 记忆性舒适科技(Menorable Comfort Techonlogy)，给您带来更静音舒适的驾乘体验。,/c7_detail.html
BUICK,别克,君威2.4,REGAL2.4,ZEON C7,/image/img0314.jpg,ZEON C7专为您量身定制殿堂级得舒适静音享受，采用MCT 记忆性舒适科技(Menorable Comfort Techonlogy)，给您带来更静音舒适的驾乘体验。,/c7_detail.html
BUICK,别克,君威2.0T,REGAL2.0T,ZEON C7,/image/img0314.jpg,ZEON C7专为您量身定制殿堂级得舒适静音享受，采用MCT 记忆性舒适科技(Menorable Comfort Techonlogy)，给您带来更静音舒适的驾乘体验。,/c7_detail.html
BUICK,别克,君越2.0T,REGAL20.T,ZEON C7,/image/img0314.jpg,ZEON C7专为您量身定制殿堂级得舒适静音享受，采用MCT 记忆性舒适科技(Menorable Comfort Techonlogy)，给您带来更静音舒适的驾乘体验。,/c7_detail.html
BUICK,别克,君越2.4,REGAL2.4,ZEON C7,/image/img0314.jpg,ZEON C7专为您量身定制殿堂级得舒适静音享受，采用MCT 记忆性舒适科技(Menorable Comfort Techonlogy)，给您带来更静音舒适的驾乘体验。,/c7_detail.html
BUICK,别克,君越3.0,REGAL3.0,ZEON C7,/image/img0314.jpg,ZEON C7专为您量身定制殿堂级得舒适静音享受，采用MCT 记忆性舒适科技(Menorable Comfort Techonlogy)，给您带来更静音舒适的驾乘体验。,/c7_detail.html
DONGFENG,东风,天籁,TIANNAI,ZEON C7,/image/img0314.jpg,ZEON C7专为您量身定制殿堂级得舒适静音享受，采用MCT 记忆性舒适科技(Menorable Comfort Techonlogy)，给您带来更静音舒适的驾乘体验。,/c7_detail.html
DONGFENG,东风,标致407,PEUGEOT407,ZEON C7,/image/img0314.jpg,ZEON C7专为您量身定制殿堂级得舒适静音享受，采用MCT 记忆性舒适科技(Menorable Comfort Techonlogy)，给您带来更静音舒适的驾乘体验。,/c7_detail.html
DONGFENG,东风,标致607,PEUGEOT607,ZEON C7,/image/img0314.jpg,ZEON C7专为您量身定制殿堂级得舒适静音享受，采用MCT 记忆性舒适科技(Menorable Comfort Techonlogy)，给您带来更静音舒适的驾乘体验。,/c7_detail.html
DONGFENG,东风,雪铁龙C5,CITROEN C5,ZEON C7,/image/img0314.jpg,ZEON C7专为您量身定制殿堂级得舒适静音享受，采用MCT 记忆性舒适科技(Menorable Comfort Techonlogy)，给您带来更静音舒适的驾乘体验。,/c7_detail.html
BUICK,别克,英朗GT1.6T,EXCELLE GT1.6T,ZEON C7,/image/img0314.jpg,ZEON C7专为您量身定制殿堂级得舒适静音享受，采用MCT 记忆性舒适科技(Menorable Comfort Techonlogy)，给您带来更静音舒适的驾乘体验。,/c7_detail.html
BUICK,别克,英朗XT1.6T,EXCELLE XT1.6T,ZEON C7,/image/img0314.jpg,ZEON C7专为您量身定制殿堂级得舒适静音享受，采用MCT 记忆性舒适科技(Menorable Comfort Techonlogy)，给您带来更静音舒适的驾乘体验。,/c7_detail.html
VOLVO,沃尔沃,沃尔沃C70,VOLVO C70,ZEON C7,/image/img0314.jpg,ZEON C7专为您量身定制殿堂级得舒适静音享受，采用MCT 记忆性舒适科技(Menorable Comfort Techonlogy)，给您带来更静音舒适的驾乘体验。,/c7_detail.html
VOLVO,沃尔沃,沃尔沃S60,VOLVO S60,ZEON C7,/image/img0314.jpg,ZEON C7专为您量身定制殿堂级得舒适静音享受，采用MCT 记忆性舒适科技(Menorable Comfort Techonlogy)，给您带来更静音舒适的驾乘体验。,/c7_detail.html
TOYOTA,丰田,讴歌RL3.7,ACURA RL3.7,ZEON C7,/image/img0314.jpg,ZEON C7专为您量身定制殿堂级得舒适静音享受，采用MCT 记忆性舒适科技(Menorable Comfort Techonlogy)，给您带来更静音舒适的驾乘体验。,/c7_detail.html
TOYOTA,丰田,皇冠2.5,CROWN2.5,ZEON C7,/image/img0314.jpg,ZEON C7专为您量身定制殿堂级得舒适静音享受，采用MCT 记忆性舒适科技(Menorable Comfort Techonlogy)，给您带来更静音舒适的驾乘体验。,/c7_detail.html
FORD,福特,福克斯,FOCUS,ZEON C7,/image/img0314.jpg,ZEON C7专为您量身定制殿堂级得舒适静音享受，采用MCT 记忆性舒适科技(Menorable Comfort Techonlogy)，给您带来更静音舒适的驾乘体验。,/c7_detail.html
FORD,福特,蒙迪欧致胜2.3,MONDEO CHIA-X 2.3,ZEON C7,/image/img0314.jpg,ZEON C7专为您量身定制殿堂级得舒适静音享受，采用MCT 记忆性舒适科技(Menorable Comfort Techonlogy)，给您带来更静音舒适的驾乘体验。,/c7_detail.html
KIA,起亚,嘉华2.5,CARNIVAL2.5,ZEON C7,/image/img0314.jpg,ZEON C7专为您量身定制殿堂级得舒适静音享受，采用MCT 记忆性舒适科技(Menorable Comfort Techonlogy)，给您带来更静音舒适的驾乘体验。,/c7_detail.html
BMW,宝马,宝马7系,BMW 7,ZEON C7,/image/img0314.jpg,ZEON C7专为您量身定制殿堂级得舒适静音享受，采用MCT 记忆性舒适科技(Menorable Comfort Techonlogy)，给您带来更静音舒适的驾乘体验。,/c7_detail.html
BMW,宝马,宝马5系,BMW 5,ZEON C7,/image/img0314.jpg,ZEON C7专为您量身定制殿堂级得舒适静音享受，采用MCT 记忆性舒适科技(Menorable Comfort Techonlogy)，给您带来更静音舒适的驾乘体验。,/c7_detail.html
HYUNDAI,现代,雅科仕,EQUUS,ZEON C7,/image/img0314.jpg,ZEON C7专为您量身定制殿堂级得舒适静音享受，采用MCT 记忆性舒适科技(Menorable Comfort Techonlogy)，给您带来更静音舒适的驾乘体验。,/c7_detail.html
INFINITI,英菲尼迪,英菲尼迪,INFINITI,ZEON C7,/image/img0314.jpg,ZEON C7专为您量身定制殿堂级得舒适静音享受，采用MCT 记忆性舒适科技(Menorable Comfort Techonlogy)，给您带来更静音舒适的驾乘体验。,/c7_detail.html