上海,上海,上海云伊汽车销售有限公司,上海市浦东新区川沙镇华夏东路,CPC
上海,上海,上海市奉贤区南桥镇新车道汽车用品经营部,上海市奉贤区南桥镇南亭公路398号,CTCC
上海,上海,上海静良轮胎有限公司,上海市金山区朱泾镇沈浦泾南路众安街口,CTCC
上海,上海,上海市松江区叶榭镇善玲轮胎经营部,,Others
上海,上海,上海安辕汽车服务中心,上海市银都路1966号A-2栋,Others
上海,上海,上海自勇贸易有限公司,,Others
上海,上海,上海市浦东新区川沙新镇百捷汽车配件经营部,,Others
上海,上海,上海天丁汽车服务有限公司,上海市浦东吸取胶东路832号（靠近牟平路）,CSS+
上海,上海,上海星橡轮胎销售有限公司,上海市杨浦区周家嘴路杨浦汽配城,Others
上海,上海,上海富悦贸易经营部,上海市虹口区车站南路,Others
上海,上海,上海子欣贸易有限公司,上海市虹口区水电路1285号（车站南路路口）,Others
上海,上海,上海市闸北区彭浦镇车杰饰汽车用品商店,上海市闸北区场中路1169号,Others
上海,上海,上海市一路发轮胎店,,Others
上海,上海,上海市闵行区宝华汽配经营部,,Others
上海,上海,上海顺通轮胎有限公司,,Others
上海,上海,上海益陆驰轮胎销售有限公司,,Others
上海,上海,上海创楚汽车技术服务有限公司,,Others
上海,上海,上海公司内部,,Others
上海,上海,上海市嘉定区豪绅汽车维修有限公司,,Others
上海,上海,上海富强修车行,,Others
上海,上海,上海穿越汽摩配件有限公司,,Others
上海,上海,上海脱胎换毂汽车配件有限公司,上海市闵行区七莘路1768号,Others
上海,上海,上海锐程汽车轮胎有限公司,,Others
上海,上海,上海金星轮胎有限公司,,Others
上海,上海,小白脸轮胎销售有限公司,,Others
上海,上海,上海市宝山区长江轮胎修理部,上海市宝山区长江西路长江南路交叉口东南角,CTCC
上海,上海,上海山弘轴承有限公司,上海市嘉定区安亭镇米泉路261号,Independent
上海,上海,上海市宝山区瑞丰汽配经营部,上海市宝山区友谊路1500号1栋120-121室,Independent
上海,上海,上海成军轮胎专卖店,上海市宝山区罗店镇祁北东路85弄门口95号,CTCC
上海,上海,上海市嘉定区黄渡镇志福汽车装潢服务部,上海市嘉定区黄渡镇黄沈村464号（嘉松北路与曹安公路交叉口东南角）,CSS+
上海,上海,上海建阳轮胎有限公司,上海市嘉定区棋盘路,Independent
上海,上海,上海市嘉定区马陆镇捷林宝轮胎经营部,上海市嘉定区马陆镇宝安公路3799号汽配城A区17幢9号,Independent
上海,上海,上海美界商贸有限公司,上海市青浦区外青松公路3501号A30出口处,Independent
上海,上海,上海齐力汽配经营部,上海市闵行虹梅南路3888号二期北24区19-21号,CTCC
上海,上海,上海市浦东新区祝桥镇明亮汽车轮胎修理部,上海市浦东新区南汇祝桥镇盐仓川南奉公路5825弄8号,CTCC
上海,上海,上海市闵行区小亮轮胎修理行,上海市闵行区江川路621号,CSS+
上海,上海,上海小牛汽摩轮胎修理部,上海市嘉定区嘉唐公路1607号,CTCC
上海,上海,上海叶轮经贸有限公司,上海市宝山区江杨南路728号（靠近保德路）,Independent
上海,上海,上海延森汽车用品有限公司,上海市浦东新区秀浦路振东汽配城二期1-3号（靠近秀沿路）,Others
上海,上海,上海市浦东新区高桥镇浦涛汽车轮胎经营部,,Others
上海,上海,上海拓思汽车科技有限公司,,Others
上海,上海,上海坤誉贸易有限公司,,Independent
上海,上海,上海轮捷汽配发展有限公司,上海市闸北区汶水路885号一通汽配城A区8号,Others
上海,上海,上海格兰梦,上海市闸北区,Others
上海,上海,上海颂腾贸易有限公司,上海市长宁区新渔东路701号,Independent
上海,上海,上海惠兴实业有限公司,上海市长虹口区凉城路,Independent
上海,上海,上海昆渝实业有限公司,上海市松江区松费西路1578号,Others
上海,上海,吉车美饰快修装潢中心,上海市,Others
上海,上海,上海穿跃汽摩配件有限公司,上海市,Others
山东,东营,东营市华祥工贸有限公司,东营市东营区黄河口商贸城205-1号,Independent
山东,东营,利津县诗东轮胎总汇,东营市利津县大桥路二校南门向西188米（河务局对面）,CPC
山东,东营,孤岛红旗轮胎服务中心,东营市河口区孤岛镇,CTCC
山东,东营,志勇轮胎总汇,东营市利津县陈庄镇滨港路利津二中对,CPC
山东,东营,东营市华新轮胎销售有限公司,东营市东营区菏泽路（中段）,Others
山东,东营,东营市鑫正汽车配件有限公司,东营市北二路691号,Others
山东,聊城,聊城市乡镇企业局物资贸易处 ,,Others
山东,聊城,聊城东昌府区华顺轮胎    ,,Others
山东,东营,泰安源利经贸有限公司,,Others
山东,临沂,临沂交通钢固销售公司,,Others
山东,临沂,临沂瑞风汽车贸易有限公司    ,,Others
山东,临沂,临沂明风轮胎   ,,Others
山东,菏泽,菏泽益通有限公司            ,,Others
山东,东营,圣坤汽车服务部,,Others
山东,临沂,刘宾,临沂地区蒙阴县职业中专对面,CTCC
山东,临沂,顺发轮胎大全,临沭常林路人寿保险公司对面,CSS
山东,临沂,莒县利达修理厂,火车站西五十米路南,Others
山东,临沂,沂水县固特异轮胎服务中心,,Others
山东,临沂,通达轮胎服务部,,Others
山东,临沂,运达汽车装饰美容,,CTCC
山东,临沂,莒南鸿达轮胎,,Others
山东,威海,威海华星汽车服务有限公司,威海市海滨中路26-1-2号,Independent
山东,威海,乳山市新华街中段姜杰,乳山市新华街馨园小区楼下,CSS+
山东,威海,文登市海林轮胎销售维护中心,文登市环山路（工商局东100米路北）,Independent
山东,威海,文登市宏滨轮胎行,文登市龙山宾馆东50米,Others
山东,威海,文登张燕滨,,Others
山东,威海,文登安达轮胎修理行,,Independent
山东,德州,德州市德城区晨远汽车信息服务部,大学西路（交警支队西临）,CSS+
山东,德州,夏津县东风汽车配件经营部,德州市夏津县新工街65号,Others
山东,德州,福缘轮胎总汇,夏津南环路西首,Others
山东,德州,乐陵市独一家汽车维修部,乐陵市交警队北邻,Others
山东,德州,金润轮胎商行,,Others
山东,德州,宁津县华瑞祥轮胎门市 ,,Others
山东,德州,广福汽车装潢,,Others
山东,德州,刘师傅轮胎总汇,,Others
山东,日照,日照市东港区茂盛轮胎维修部,山东路55号,CTCC
山东,日照,日照市五莲县沿河路何乃龙,日照五莲县沿河路东首,Others
山东,日照,日照市岚山区日想汽车美容服务台,岚山区汾水停车场,Others
山东,枣庄,飞浩轮胎总汇,枣庄薛城海河自来水公司东200米路南,Independent
山东,枣庄,市中区光明路广源轮胎总汇商店,光明西路二棉厂宿舍南墙,CPC
山东,枣庄,滕州市北辛神记轮胎销售部,滕州塔寺节街红星楼对过,Others
山东,泰安,新泰市中信丰轮胎商行,,Others
山东,泰安,泰安顺增轮胎,,Others
山东,济南,济南钰霖轮胎商行,济南仲宫镇趵突泉酒厂南50米,CTCC
山东,济南,济南市历城区宇通汽车服务中心,郭店镇,CSS+
山东,济南,济南市天桥区德江汽车用品经营部,济南历山北路,Others
山东,济南,章丘明水诚坤轮胎服务中心,章丘汇泉路西首,Independent
山东,济南,济南市历城区宏昊轮胎经销中心 ,济南市齐鲁制药厂东临,Others
山东,济南,济南腾飞汽车轮胎服务中心,济南市民生大街,Others
山东,济南,济南市天桥区昌信轮胎商行,济南市历黄路,Others
山东,济南,济南宏泰轮胎有限公司,,Others
山东,济南,青州老班长轮胎商行,,Others
山东,济南,济南昆岳贸易有限公司,,Others
山东,济南,济南徐增强,,Others
山东,济南,济南民强轮胎商行,,Others
山东,济南,商河刘会增,,Others
山东,济南,济阳朝阳轮胎总汇,,Others
山东,济南,济南谭师傅汽车美容店,,Others
山东,青岛,青岛市南区平顺达轮胎行 ,,Independent
山东,青岛,即墨市飞德勒轮胎,,Others
山东,烟台,龙口丰田通汽车维修保养站 ,,Others
山东,济南,泰安市泰山区顺增汽车用品维修服务中心 ,,Independent
山东,济南,聊城亨通轮胎销售中心 ,,Others
山东,济南,聊城海源,,Others
山东,济南,德州广富轮胎,,Others
山东,济宁,曲阜市瑞鑫轮胎大全,体育公园南八十米,CSS+
山东,济宁,汶上县清保汽修有限公司,济宁市汶上县圣泽大街东段1386号,Independent
山东,济宁,金乡兄弟四轮定位,济宁金乡长途汽车站向南500米,CTCC
山东,济宁,梁山县金马电气补胎维修门市部,梁山县水泊中路北区派出所门口,CSS
山东,济宁,微山县夏镇艳军轮胎行,微山县东风路工商局对过,CTCC
山东,济宁,济宁市米其林轮胎区域代理商,,Others
山东,淄博,临淄完美轮胎医院,,CTCC
山东,淄博,张店共青团路车之翼轮胎商行,,Independent
山东,淄博,淄川区洪山新颖综合维修部,,CSS+
山东,淄博,高青县平安轮胎销售部,,CTCC
山东,淄博,沂源县南麻锦沃轮胎经营部,沂源县沿河东路,Others
山东,淄博,周村李鑫维修部,,Others
山东,淄博,博山李亮,,CTCC
山东,淄博,淄川倍耐力,,Others
山东,滨州,寿光市世博轮胎电瓶超市,滨州沾化县新合作道南对过,CTCC
山东,滨州,保定风顺电瓶厂沾化县维修部,,CTCC
山东,滨州,邹平福兴维修部,,Others
山东,潍坊,潍城区恒捷汽车服务中心,东风街于安顺路交叉口,Others
山东,潍坊,高密市鸿利轮胎服务中心,夷安大道与立新街交叉口,Others
山东,潍坊,青州市丰业轮胎有限公司,,CSS+
山东,潍坊,高密市金运轮胎服务中心,潍坊高密市夷安大道与立新街交叉口东100米路北,CTCC
山东,潍坊,昌乐建华汽车定位维修部,潍坊市昌乐县珠宝街26号立交桥北100米路西（城西派出所对面）,CTCC
山东,潍坊,昌邑市轮胎总汇经营部,昌邑市交通街西首路南,Others
山东,潍坊,安丘市学欣轮胎服务部,安丘市轻工机械厂东60米路西,Others
山东,潍坊,临朐县义凯轮胎经销处,临朐县庞王庄建材市场,Others
山东,潍坊,安丘0536汽车轮胎,安丘市潍徐南路,Others
山东,潍坊,临朐鼎顺汽车服务中心,临朐市新汽配城1号楼,Others
山东,烟台,烟台市汇丰商贸有限公司,栖霞市电业路西首（振兴桥东）,CTCC
山东,烟台,战斧四轮定位,莱阳市鹤山路派出所对过,Independent
山东,烟台,蓬莱市登州金涛汽车配件商店,,Independent
山东,烟台,莱州市鑫德莱轮胎有限公司,,Others
山东,烟台,招远市国强物资商贸有限公司,招远市金城路,CTCC
山东,烟台,龙口市富平轮胎超市,龙口市黄城车站西150米,Others
山东,烟台,莱阳瑞泰轮胎,,Others
山东,烟台,莱州永泰进口汽车配件公司,莱州市西苑路1078号的月楼北,Others
山东,烟台,海阳回归轮胎,,Independent
山东,烟台,龙口市龙口明鑫汽车维修部,,Independent
山东,烟台,莱阳市弘圣轮胎经销部,,Others
山东,聊城,茌平县华顺轮胎经营门市部,县农行东50米,Others
山东,聊城,聊城市东昌府区经纬轮胎服务部,,Others
山东,聊城,聊城市东昌府区轮胎维修部,,Others
山东,聊城,聊城市东昌府区朋朋轮胎经营部,,Others
山东,聊城,聊城茌平普利司通店,,Others
山东,聊城,聊城市广通轮胎大全,,Others
山东,聊城,聊城阳谷城恩轮胎大全,,Others
山东,聊城,临清龟博士汽车用品商行,,Others
山东,聊城,聊城华顺轮胎刘继庆,,Others
山东,聊城,高唐赵一轮胎店,,Others
山东,聊城,聊城市东阿县轮行天下,,Others
山东,聊城,聊城华顺轮胎李玉林,,Independent
山东,莱芜,莱城区顺达轮胎经销部,莱芜军分区东侧,CPC
山东,菏泽,巨野县微型汽车配件大全张仰峰,巨野县人民路五交苑楼下,Others
山东,聊城,东阿县铜城轮行天下轮胎俱乐部,文化街西首,CTCC
山东,菏泽,东明县名优轮胎总汇,,Others
山东,青岛,青岛泽润轮胎有限公司,青岛市李沧区308国道777号9-10门面,CPC
山东,青岛,青岛佳驰源商贸有限公司,青岛市长沙路与南昌路交叉口,Independent
山东,青岛,青岛市四方区运通达汽车维修部,青岛市瑞昌路116号（加油站内）,CSS+
山东,青岛,胶南市珠海车行,胶南市铁山路与黄山路交叉口,CTCC
山东,青岛,莱西市友谊轮胎经销部,邢台市莱西市青岛路28号,CSS
山东,青岛,平度市车翼轮胎经销处,平度市化肥厂斜对面,Independent
山东,青岛,恒顺达轮胎总汇,即墨市长江二路西首,Others
山东,青岛,青岛奥恩科技有限公司,青岛市洛阳路汽配城,Others
山东,青岛,城阳区亚欧联动轮胎,,Others
山东,青岛,青岛市市北区永安车行,青岛市市北区宁夏路28号,Others
山东,青岛,青岛平顺达轮胎,青岛市市南区澄海路14号,Others
江苏,南京,南京杰普轮胎销售服务中心,南京市栖霞大道高立汽配城7栋,Independent
江苏,南京,溧水县双牌石林兵修理部,溧水市双牌石镇汽车站斜对面,CTCC
江苏,南京,南京永诚汽车配件经营部,南京市应天街7-9号,Others
江苏,南京,南京友创商贸有限公司,,Others
江苏,南通,南通百其力轮胎有限公司,江苏南通外环西路47号（海关转盘北侧）,Independent
江苏,南通,启东市兴顺轮胎总汇,启东市紫薇中路578号(长途东车站北门口),Independent
江苏,南通,南通好来西汽车用品有限公司,江苏省如东县汽车站南红绿灯路口东侧（建行北隔壁）,Others
江苏,常州,常州市钟楼区永红佳钦轮胎经营部,常州市鼓楼区荆川路88号,CPC
江苏,常州,常州市豪龙汽配经营部,常州市中凉亭汽配市场,Others
江苏,常州,常州市鼎洁汽车美容部,常州市钟楼区白云路218号,CTCC
江苏,常州,常州市蜻蜓汽车快修服务中心,常州市武进区湖塘镇人民中路109号,Others
江苏,常州,江苏世纪金田车业投资有限公司,,Others
江苏,扬州,扬州大刘商贸有限公司,江苏省扬州市百祥路冯庄1号（紫阳苑东大门）,Others
江苏,无锡,无锡市乐途贸易有限公司,无锡市中南西路景丽苑28-1,Others
江苏,无锡,无锡市富盛汽车配件有限公司,无锡市广益汽配城内,Independent
江苏,无锡,无锡市奔昌物资有限公司,无锡市梁青路,Independent
江苏,无锡,无锡市俨驿汽车配件有限公司,无锡市北塘区锡澄路284号,Others
江苏,无锡,无锡市鸿贤贸易有限公司,无锡市贡湖大道与金城路交叉口(一汽大众4S店对面),Others
江苏,无锡,无锡市洪洋轮胎有限公司,无锡市江海路老汽配市场17区115号,Others
江苏,无锡,无锡市益都商贸有限公司新利达分公司,无锡市金城湾苏锡路298号（车管所加油站旁）,Others
江苏,无锡,无锡市靖海轮胎经营部,学前东路风光里,Others
江苏,无锡,无锡市广益宏大轮胎修理部,"无锡市崇安区广益汽配城17-109
",Others
江苏,无锡,宜兴市洪川轮胎店,宜兴市阳泉西路66-68号,Others
江苏,无锡,无锡韶华轮胎有限公司,,Others
江苏,无锡,无锡新一轮轮胎服务有限公司,,Others
江苏,无锡,无锡广益轮胎有限责任公司,,Others
江苏,无锡,无锡共赢商贸有限公司,,Others
江苏,泰州,靖江市宏阳化工有限公司分公司,靖江市西环路公路管理站北150米,Independent
江苏,泰州,泰州市联华物资贸易有限公司,泰州市梅兰东路422号,Others
江苏,苏州,太仓市志普汽配有限公司,204国道老农工站北面200米路东（太仓市城厢镇伟阳社区28号）,Independent
江苏,苏州,常熟市盛大汽配销售有限公司,常熟市虞山镇（莫城）南三环路苏常公路口,Independent
江苏,苏州,苏州市骏美轮胎销售有限公司,苏州木渎花园东路158号,CSS+
江苏,苏州,苏州世家轮胎有限公司,苏州市东环路118号,Independent
江苏,苏州,苏州市相城区渭塘叶飞汽车轮胎修理行,苏州市相城区渭塘镇中石油加油站旁,Others
江苏,苏州,昆山石浦鸿祥,,Others
江苏,苏州,苏州市东桥黄方亮,,CTCC
江苏,苏州,苏州市吴江芦墟腾飞,,Others
江苏,苏州,苏州市相城区太平小付,,Others
江苏,苏州,张家港市乐余卫兵,,Others
江苏,苏州,昆山市英瀚斯 汽车服务中心,,Others
江苏,苏州,李忠轮胎修理部,江苏省苏州市吴江七都大其仁（吴越加油站北侧300米）,CTCC
江苏,苏州,苏州市吴江八都保时捷,江苏省苏州吴江市八都小平大道北,Independent
江苏,苏州,昆山市周庄迅达轮胎服务,,Others
江苏,镇江,镇江市天成汽配有限公司,镇江市塔山路7号,Others
江苏,镇江,扬中市兴隆镇海平汽车美容部,扬中市兴隆镇扬中大道普庆村9组,CSS+
江苏,镇江,丹阳市开发区环亚轮胎经营部,丹阳市开发区云阳路,Others
江苏,宿迁,宿迁市杰顺汽车服务有限公司,宿迁市宿城区项王小区丹桂园E区7号,Independent
江苏,徐州,徐州市泉山区海桥轮胎销售部,徐州市泉山区泰山路金泰商办楼2#-113,CSS+
江苏,徐州,徐州市鼓楼区首选轮胎经销处,徐州市铜沛路第四监狱向西200米,CTCC
江苏,徐州,徐州市贾汪区老矿林林洗车服务站,徐州贾汪区法院对面,CTCC
江苏,徐州,徐州市鼓楼区开贺汽车轮胎商行,徐州市奔腾大道四季花圆沪彭4S店往西300米,Independent
江苏,徐州,沛县郝寨新世纪汽车装潢部,,Others
江苏,徐州,丰县马牌轮胎,,Others
江苏,徐州,睢宁雨天轮胎,,Others
江苏,徐州,新沂周勇,,Others
江苏,徐州,敬安南港轮胎,,Others
江苏,淮安,淮安市横宾轮胎商贸有限公司,淮安市开发区深圳路2号,CTCC
江苏,淮安,淮安新联苏友汽车俱乐部有限公司,淮安市楚州南门区工商局东100米宏林商住楼,Others
江苏,淮安,淮安市清浦区新淮轮胎销售服务部,淮安市前进东路书香华庭北商铺1-7,Others
江苏,扬州,扬州华安商贸有限公司,扬州市江阳中路158号,Others
江苏,泰州,兴化平价轮胎,兴化市城北中学对面,Others
江苏,盐城,盐城市雅弗贸易有限公司  ,盐城市人民中路文华名城12，16幢16-108室,Independent
江苏,盐城,射阳经济开发区祥运修理部,盐城射阳解放路县六中对面,CSS+
江苏,盐城,盐城经济开发区陈伟汽车轮胎服务部,盐城市文港南路63号 ,Others
江苏,盐城,东台市范公镇长青轮胎经销部,东台市长清桥范公路中江汽配对面,Others
江苏,盐城,大丰市海建轮胎经营部,大丰市健康东路4号 ,Others
江苏,盐城,宝应县王二轮胎经营部,扬州市宝应县老车站旁边王二轮胎,Others
江苏,盐城,阜宁县城北恒泰轮胎门市部,,Others
江苏,盐城,建湖县近湖桥东轮胎修理部,盐城建湖近湖桥东高速轮胎店,Others
江苏,盐城,小许轮胎经营部,,Others
江苏,盐城,建湖县近湖镇曾二洗车场,,Others
江苏,盐城,滨海县东坎镇亚洲补胎修理门市部,,Others
江苏,盐城,盐城市宇盛商贸有限公司,,Others
江苏,盐城,响水周一虎,,Others
江西,上饶,铅山县河口镇狮江路余文,江西省上饶市铅山县鹅湖大道,Independent
江西,上饶,上饶亚欣汽车装潢,,Independent
江西,上饶,上饶市锐毅汽车轮胎服务中心,,Independent
江西,九江,美福汽车装潢商行,江西省九江市九龙街河畔花园华东市场与九龙街交界处,Others
江西,九江,九江星子县雅度轮胎店,,Others
江西,九江,沙河耐克森轮胎店,,Others
江西,南昌,江西省华凯汽车服务有限公司,江西省南昌市青云谱北路1126号（三店西路青云明珠旁）,CTCC
江西,南昌,南昌县日昇汽车装潢中心,江西省南昌市南昌县莲塘镇站前路216号,Independent
江西,南昌,南昌市西湖区恒驰汽车装璜服务部,江西省南昌市西湖区桃苑大街108-109号（农业银行旁）,CTCC
江西,南昌,南昌市新潮汽车修理厂,,Others
江西,南昌,南昌米其林驰加高新汽车服务中心,,Others
江西,南昌,南昌市西湖区星加坡花园长江汽车配件商行,江西省南昌市青云谱区金沙一路,CTCC
江西,宜春,徐德明,江西省上高县学院路,Others
江西,宜春,上高县河南佬轿车装潢美容广场,,Others
江西,宜春,宜春市城北通达汽车配件部,,Others
江西,宜春,宜丰县车羽轮胎有限公司,江西省宜丰县环城北路24号,Others
江西,宜春,宜春市袁州区城北普利司通轮胎服务站,江西省宜春市袁州区月亮湾592号（新建医院斜对面）,Independent
江西,抚州,王令都,江西省抚州市东乡县昌景西路145号,Others
江西,新余,新余市美车饰汽车音响装饰中心,,Others
江西,景德镇,乐平市鸿运轮胎经营部,江西省乐平市昌平路136-142号（枫树苑门面房）,CTCC
江西,景德镇,景德镇市金众轮胎行,江西省景德镇市瓷都大道（伊龙大酒店正对面）,CTCC
江西,鹰潭,鹰潭市月湖区丽车坊,江西省鹰潭市月湖区南站路75号,Independent
江西,,海誉锋,,Others
江西,,余干车之港汽车养护美容中心-吴来增,,Others
江西,,修水琴海,,Others
浙江,台州,台州市黄岩焕彬轮胎店,黄岩环城南路2号,Independent
浙江,宁波,宁波市北仑区新矸如龙轮胎修配站,北仑新矸横河路大河口62号,Independent
浙江,宁波,宁波市海曙同悦贸易有限公司,宁波海曙区云霞路120号,Independent
浙江,宁波,宁波市北仑区新矸车友汽车美容养护中心,北仑新矸凤洋二路141-149,Independent
浙江,宁波,宁波市江东美车饰汽车装璜中心甬港南路分部,甬港南路182号,CSS
浙江,宁波,宁波市鄞州邱隘天天轮胎销售服务部,盛莫路,Independent
浙江,宁波,宁波市海曙启运汽车装潢服务部,启运路,CPC
浙江,宁波,丹城慧光汽车配件商店,丹城东谷湖路116号,Others
浙江,宁波,宁海县跃龙街道建龙轮胎店,宁海跃龙路16号,Independent
浙江,宁波,象山县西周晨兴轮胎修配店,西周镇锦港路北口,Independent
浙江,宁波,余姚市陆埠镇陆世开轮胎店,余姚市钟山西路2号,Independent
浙江,宁波,慈溪新浦定芳轮胎店,新浦镇新新南路,Independent
浙江,宁波,宁波市海曙豪迈汽车装璜美容店,,Independent
浙江,宁波,沈氏轮胎店,,CTCC
浙江,宁波,叶文轮胎店,,CSS+
浙江,宁波,宁海韩泰轮胎店,,CSS+
浙江,舟山,舟山定海江文,,Others
浙江,嘉兴,嘉兴市南湖区城西宏连轮胎修理店,嘉兴市东升东路1678号9（龙鑫公寓傍边）,CTCC
浙江,湖州,长兴明莉玛吉斯轮胎服务部,长兴轻纺城11栋31-35号,CTCC
浙江,嘉兴,嘉兴市王江泾伯泉汽车轮胎修理店,浙江省嘉兴市王江泾加油站对面,Others
浙江,嘉兴,桐乡市梧桐汇宇轮胎商行,浙江省桐乡市振兴西路与文华路交叉口被50米,CTCC
浙江,嘉兴,小嘉兴补胎店,,Independent
浙江,嘉兴,海宁市利松汽车轮胎修理部,,Others
浙江,嘉兴,嘉善佳伟汽车服务中心,,Others
浙江,嘉兴,嘉善鸿昌汽车用品中心,,Others
浙江,嘉兴,嘉兴海盐张士连,,Others
浙江,宁波,余姚市城区舜杰轮胎修配商店,余姚市谭家岭路30号,Independent
浙江,宁波,余姚市余姚镇舜芳轮胎修配店,余姚市杨梅西路405号,CTCC
浙江,宁波,慈溪市浒山银强轮胎店,慈溪市浒山南二环路806号,CTCC
浙江,宁波,余姚市永冠轮胎销售有限公司,,CSS+
浙江,杭州,建德市百援轮胎店,建德市新安东路20号,CTCC
浙江,杭州,萧山市靖江镇商业个体,萧山区靖江镇文化路78号,CSS+
浙江,杭州,浙江德胜汽配市场广海轮胎经营部,石桥路198号德胜汽配市场808号,Independent
浙江,杭州,浙江金恒德汽车物流广场四驱汽配商行,金恒德国际汽配物流中心B区20幢13号--24号,Independent
浙江,杭州,海宁市袁花良良车行,浙江省海宁市袁花镇联红路33-2号,Others
浙江,杭州,桐庐县桐君街道快车道汽车美容装潢部,浙江省桐庐县瑶琳路525号,CTCC
浙江,杭州,杭州正步汽配有限公司,杭州市萧山区北干街道墩里吴社区,CSS+
浙江,杭州,淳安县汇丰汽修方师傅轮胎修理部,浙江省千岛湖镇曙光路81号,Independent
浙江,杭州,杭州林芳汽配有限公司,,Others
浙江,杭州,杭州市西湖区长园汽车电器修理行,,Independent
浙江,杭州,杭州市西湖区马强汽车轮胎修配车行,,CSS+
浙江,杭州,杭州市江干区顺发轮胎商行,,Others
浙江,杭州,富阳市富阳镇富林轮胎修理部,,Others
浙江,杭州,临安卓越轮胎商行,浙江省临安市大学路白湖畈27号,CSS+
浙江,杭州,临平车顺汽车装饰商行,临平市南星路40-50号,Others
浙江,杭州,余杭辛巴汽车用品商行,杭州余杭镇狮山路39号,CTCC
浙江,杭州,富阳市富春街道城关轮胎店,,Independent
浙江,杭州,杭州闲林甄士林,,Others
浙江,杭州,杭州下城区开创,,Others
浙江,杭州,杭州拱墅区真诚,,Others
浙江,杭州,杭州东亚轮胎店,杭州市上城区东亚汽配厂,Independent
浙江,杭州,杭州时嘉轮胎销售服务有限公司 - SUV专营店,杭州市江干区三里厅附近,Others
浙江,杭州,杭州丽达综合商行,,Others
浙江,湖州,和平卫庆轮胎修理部,长兴县和平镇镇前街318号,CSS+
浙江,湖州,安吉为根轮胎修理部,浙江安吉递铺镇灵风北路151号,Independent
浙江,湖州,湖州织里华益汽车修理部,浙江省湖州市织里镇珍贝路263号对面,CSS
浙江,湖州,湖州市南浔叶志良,,Others
浙江,绍兴,上虞市丰惠竺氏轮胎商行,上虞市丰惠镇大竹工业园区,CSS+
浙江,绍兴,新昌县城关好运轮胎中心,新昌县城关七星街道大道中路147号,Independent
浙江,绍兴,绍兴县修理业个体工商户祁小龙,浙江省绍兴市柯桥鸿汛商都小龙轮胎专卖中心,Independent
浙江,绍兴,上虞市物资经营有限公司汽配分公司,,Others
浙江,绍兴,嵊州市益侬汽车养护中心,嵊州市嵊州大道463-473号,Others
浙江,绍兴,绍兴诸暨大唐,,Others
浙江,台州,台州恒鑫贸易有限公司,台州市路桥区新安西街451号,Independent
浙江,台州,台州市路桥区士根轮胎店,台州市路桥区新安南街725号,Independent
浙江,台州,上海市李信汽车服务中心,临海市临海大道西水岸丽景652号,Independent
浙江,台州,台州椒江小华汽车美容商行,台州市椒江区洪家洪西路口黄都别墅对面,Independent
浙江,台州,台州市黄岩一顺轮胎商行,黄岩二环西路109-111号,Independent
浙江,台州,温岭市箬横紫珊轮胎店,温岭市箬横镇新箬路33号,Independent
浙江,台州,三门县天吉汽车配件批发部,台州市三门县朝晖路汽配街82-38号,CSS
浙江,台州,台州市黄岩徐辉补胎店,台州黄岩前北院大道90号,CSS
浙江,台州,台州市黄岩广海轮胎经营部,,Others
浙江,台州,天台县平镇个体工商户,,CSS+
浙江,台州,台州玉环顺石,,Others
浙江,台州,台州临海大田,,Others
浙江,台州,台州临海杜桥,,Others
浙江,台州,台州仙居章会龙,,Others
浙江,台州,台州市经济开发区海邓轮胎修理店,台州市椒江云西路,Independent
浙江,台州,台州市黄岩黄毛轮胎经营部,台州黄岩小东门路16-13号,Independent
浙江,温州,乐清市白象固特异轮胎服务维修中心,乐清市北白象镇白象大道188-190号,Independent
浙江,温州,温州市龙湾永中克明轮胎店,温州市龙湾罗东南街城北新街十字路口南面,CSS
浙江,温州,苍南县灵溪宝驰轮胎修补店,苍南县灵溪镇建兴东路581号,Independent
浙江,温州,温州市鹿城区西山潘统斌轮胎修理店,温州市勤奋路45号,Independent
浙江,温州,温州市鸥瞿溪陈胜利轿车轮胎维修店,温州市瓯海区瞿溪镇三溪路165号,CSS+
浙江,温州,阿海轮胎服务中心,乐清市乐成镇宁康西路118号,Independent
浙江,温州,温州市澳驰轮胎有限公司,温州市飞霞南路龟湖商厦103号（龟湖路口）,CTCC
浙江,温州,阿丰轮胎店,温州市仙岩镇沈岙村繁仙路166号,CSS+
浙江,温州,王作文,瑞安市马屿镇双屿南路(镇府对面地税旁边）,CSS
浙江,温州,温州市鹿城区黎明新星汽车美容服务店,温州市新城宏源路15号,Independent
浙江,温州,温州市鹿城区南浦叶应理轮胎修理店,温州市新城金城花苑2幢103号,CSS+
浙江,温州,永嘉县上塘贤林修理轮胎店,温州市永嘉县上塘镇沿江路233号,Independent
浙江,温州,温州市经济开发区潘常辉轮胎经营部,温州市汤家桥南路114号,Independent
浙江,温州,温州市龙湾状元创新轮胎经营部,温州市机场大道2008号,Independent
浙江,温州,乐清市朝瑞轮胎有限公司,乐清市乐成镇宁康东路99号,Independent
浙江,温州,苍南县灵溪黄发轮胎经营部,温州市苍南县求知东路247号,CSS+
浙江,温州,腾蛟孔富轮胎修理部,温州市平阳腾蛟镇凤翔路279号,CSS
浙江,温州,苍南龙港小林轮胎修理部,,CSS+
浙江,温州,温州永嘉黄利海,,Others
浙江,丽水,丽水市雷文仙汽车轮胎修理部,丽水市丽阳街572号,Independent
浙江,丽水,松阳县个体工商业户,松阳县长虹中路151号,Others
浙江,金华,兰溪市驰保轮胎商行,兰溪市婺江路132号,Independent
浙江,金华,金华市婺城区固铂轮胎商行,金华市丹溪路与东莱路交叉口,Independent
浙江,金华,佛堂桥头丁金龙充气补胎修理部,佛堂镇双林路,Independent
浙江,金华,武义县驰加轮胎商行,武义县环城北路99号,Others
浙江,金华,义乌市迈腾轮胎商行,义乌市绣湖西路279-2号,Others
浙江,金华,金华市汽车配件有限责任公司,金华市环城北路690号,Independent
浙江,金华,义乌市稠城陈和条轮胎修理店,香山路227号,Independent
浙江,金华,谢海权轮胎行,义乌市经发大道183号,CTCC
浙江,金华,义乌市桂兰轮胎商行,义乌市经发大道272号,CPC
浙江,金华,金华市万德隆商贸发展有限公司,,Independent
浙江,衢州,江山永宏汽车用品商行,,CPC
浙江,金华,金华市婺城区文斌轮胎商行,,CSS
安徽,亳州,王丽轮胎经营部,亳州市交通路与建安北路交叉口（路东）,Others
安徽,亳州,市场建设发展有限公司汽车综合门市部,安徽省蒙城县宝塔东路96号,Others
安徽,亳州,西城李兴占汽车配件销售部,安徽省亳州市利辛县文洲路（城北客运站西50米路南）,CTCC
安徽,六安,六安市巨能汽车修理厂,安徽省六安市裕安经济园家园路,Independent
安徽,六安,舒城县城关小董汽车修理厂,安徽省六安市舒城县舒三路林业大厦向东600米,Others
安徽,六安,寿县通达轮胎经营部,安徽省六安市寿县南门丁字路口老加油站对面,Independent
安徽,六安,霍山丰速汽车销售服务有限公司,安徽省霍山县消防队对面,Others
安徽,合肥,合肥瑶海区嘉车坊汽车服务中心,安徽省合肥市通达路1号（通达包装厂门面房）,CPC
安徽,合肥,合肥庐阳区龙翔汽车养护服务部,安徽省合肥市北二环中铁四局楼下（阜阳路口）,Independent
安徽,合肥,合肥兴华汽车服务,,Others
安徽,合肥,安徽锦全汽车服务有限公司,,Independent
安徽,安庆,徐峰林,安徽省安庆市潜山县梅城镇皖国路23号,Others
安徽,安庆,岳西小兵汽修,安徽省安庆市岳西县高速出口正对面,Independent
安徽,安庆,安庆市大观区金轮轮胎经营部,,Independent
安徽,宣城,宣城万豪轮胎商行, 安徽省宣城市螯峰桥头（九洲小区入口处）,Independent
安徽,宣城,宁国市爱车坊汽车美容部,安徽省宁国市中溪北路都市阳光洒店南30米,CTCC
安徽,宣城,广德县小轮胎经营部,安徽省宣城市广德县万桂山路茗桂花园斜对面,CSS+
安徽,宣城,郎溪鑫福玛吉斯服务中心,郎溪县宁芜路县大修厂旁,Others
安徽,宣城,旌德县文全轮胎店,旌德县旌秀苑24号,Independent
安徽,宿州,宿州市埇桥区旭升轮业经营部,安徽省宿州市汴河西路市质量技术监督局楼下（刑警队对面）,CTCC
安徽,宿州,张辉汽车维护保养北二环,安徽省宿州市泗县北二环（红绿灯向东50米）,Others
安徽,巢湖,巢湖市居巢区永捷轮胎经营部,安徽省巢湖市居巢区半汤路45号快客E家楼下（中石化加油站对面）,CSS
安徽,巢湖,无为长盛轮胎服务部,无为县零碑邮政修理厂,CTCC
安徽,巢湖,含山县环峰陶师傅轮胎经营部,安徽省巢湖市含山县二环路（新看守所对面）,CTCC
安徽,池州,青阳县车之居家胜汽车用品装潢美容养护中心,安徽省池州市青阳县容城镇庙前路307号（西门）,CTCC
安徽,池州,池州市贵池区联友汽车修理厂,,CTCC
安徽,淮北,淮北成一轮胎商行,相阳路相南办事处东10米,Others
安徽,淮北,濉溪县光龙轮胎服务中心,安徽省淮北市濉溪县三堤口东城五交化楼下,CSS+
安徽,淮南,田家庵舜耕金地汽车用品商行,安徽省淮南市田家庵区舜耕中路243号（舜耕派出所旁边）,CTCC
安徽,淮南,淮南市日升小汽车维修站,安徽省淮南市安成铺镇政府对面,CTCC
安徽,淮南,刘氏轮胎销售服务中心,安徽省凤台县畜牧局对面,Others
安徽,滁州,滁州卫东汽车装璜美容有限公司,安徽省滁州市中都大道 路灯管理所北300米,CTCC
安徽,滁州,王力轮胎服务中心,安徽省明光市体育城对面,Others
安徽,滁州,全椒县新谊轮胎服务部,全椒县吴敬梓路城东法庭,Independent
安徽,滁州,刘勇汽车美容服务,安徽省凤阳县古城门对面,CTCC
安徽,芜湖,芜湖县双赢汽车服务,安徽省芜湖市芜湖县芜屯南路县人民医院门面房,CTCC
安徽,芜湖,南陵小徐汽车装璜,,Independent
安徽,铜陵,铜陵市万豪轮胎服务部,安徽省铜陵市翠湖一路绿色食品市场（老精达集团旁）,CTCC
安徽,阜阳,阜阳市嘉祥汽车轮胎经营部,阜阳市颖泉区颖州西路99号,Independent
安徽,阜阳,太和县深达汽车维修厂,安徽省太和县交通局院内,Others
安徽,马鞍山,马鞍山市正新车业服务有限责任公司,安徽省马鞍山市花山路与湖南路六交叉口东源建材城入口处东洋轮胎店,CPC
安徽,马鞍山,当涂县继峰轮胎销售服务部,安徽省马鞍山市当涂县姑孰镇振兴北路（皇朝浴都对面）,CTCC
安徽,黄山,张秋顺,安徽省黄山市徽州区岩寺镇徽州西路99号（永佳大道496号）,CSS+
安徽,黄山,红枫叶汽车美容服务中心 - SUV专营店,太平老汽车站加油站对面,Others
安徽,黄山,祁门老戴轮胎店,祁门金东大市场旁,CTCC
安徽,黄山,黟县碧阳利武车辆维修部,黟县沿河路小商品市场,Others
安徽,黄山,黄山市丽车源汽车用品有限公司,,Independent
安徽,,泗县新德众汽车维修服务,,CTCC
安徽,,繁昌县永盛轮胎服务部,,CSS+
安徽,,泾县超群汽车美容装潢,,Independent
湖北,十堰,十堰旗航汽车用品有限公司,,Others
湖北,咸宁,赤壁市宇杰汽车服务中心,赤壁市陆水湖大道146号（新区房产局对面）,Others
湖北,孝感,孝感市孝南区个体工商户,孝感市黄陂路中段,Others
湖北,孝感,汉川宏发汽车配件有限公司,汉川市祥和花园综合楼8号门面,Independent
湖北,孝感,广水景仁桥,广水市四贤路,Independent
湖北,孝感,大悟熊瑛,大悟县兴悟北路,Independent
湖北,孝感,孝昌横滨轮胎店,孝昌县古城大道特1号,Independent
湖北,孝感,应城常发东洋轮胎总汇,应城市体育路15号,Independent
湖北,宜昌,当阳市玉阳佳鑫轮胎商行,当阳市东环路邮政局北路30米,Others
湖北,恩施,建始县业州镇景程轿车轮胎服务中心,建始县业洲镇弓箭岩路16号,CTCC
湖北,武汉,义力轮胎商行,武汉市建设大道396-7（省公路局旁）,CC
湖北,武汉,武汉市汉阳区旺顺轮胎经营部,武汉市龙阳大道193号,Independent
湖北,武汉,武汉市汉阳区新吉达轮胎经营部,武汉市汉阳区墨水湖北路,Independent
湖北,武汉,武汉市武昌区良友汽配服务部,武汉市区武昌区东一路,Independent
湖北,荆州,天门市竟陵雷记玛吉斯商行,天门市西湖苑A区门面特1-3栋,Independent
湖北,荆门,京山县个体工商户李海荣,京山人民大道人民广场正对面,Independent
湖北,荆门,荆门市东宝区车杰士汽车酷装美容店,荆门市白云大道103号,CSS+
湖北,鄂州,鄂州市飞鹅建材市场向辉轮胎精品店,鄂州市滨湖西路（中级法院对面）,Others
湖北,随州,随州市立交桥轮胎维修部,随州市交通大道,CTCC
湖北,黄冈,黄冈小陈轮胎修理部,黄岗市西湖一路,Others
湖北,黄冈,黄冈市黄州九环轮胎经营部,黄冈市黄州大道90号,Independent
湖北,黄冈,罗田县城西二桥头轮胎经营部,罗田县城西二桥头,Independent
湖北,黄石,黄石港区天佑轮胎行,黄石市沈下路127号,Others
湖北,黄石,阳新县个体工商户陈燎原,阳新县县委党校斜对面,Others
湖北,黄石,黄石市铁山区鑫发轮胎店,铁山区鹿獐山大道50号,CSS+
湖北,十堰,房县车友俱乐部,神龙路128号,CSS+
湖北,十堰,郧县喜利来专业汽车美容护理中心,,Independent
湖北,咸宁,崇阳汉江泰丰轮胎,崇阳大道（崇阳电视台旁边）,Others
湖北,孝感,安陆爱车屋固铂轮胎服务中心,安陆市金秋大道消防中队斜对面,Independent
湖北,恩施,恩施市个体工商户,恩施市东风大道219号,Independent
湖北,武汉,武汉市洪山区神象汉江汽车轮胎商行,武昌雄楚大街216号,Independent
湖北,武汉,武汉市武昌区圆圆轮胎经营部,武昌南湖虹顶花园5号门面,Independent
湖北,武汉,汉江汽车轮胎商行,汉口双墩营房村凌云大厦旁,CTCC
湖北,武汉,武汉汉阳区腰路堤汽车修理部,鹦鹉大道腰路堤十字路口,CSS
湖北,武汉,武汉市汉阳区爱车屋轮胎经营部,汉阳江城大道五里墩18号,CPC
湖北,武汉,洪山区爱车屋忠诚汽车养护,洪山区徐家棚公正路特一号,Independent
湖北,武汉,武汉市江汉区尚青汉江轮胎维修中心,汉口发展大道复兴一村87号,Others
湖北,武汉,武汉车之友汽车美容中心,武昌区武泰闸联合一百旁,Independent
湖北,武汉,新记平轮胎经营部,洪山区雄楚大道晒湖路,Independent
湖北,武汉,武昌南湖江南村志远轮胎经营部,南湖小区,CSS
湖北,武汉,武汉市武昌区嘉峰汽车配件商店,洪山区八一路,CSS
湖北,武汉,青山区冶金富星汽车轮胎店,青山工业2路,Independent
湖北,武汉,鑫车界汽车酷装美容养护专营店,新月路50-52号,Independent
湖北,武汉,武汉市阳逻老字号轮胎店,阳逻平江东路,CSS
湖北,武汉,武汉市黄陂区前川盛祥汽车维护中心,黄陂双凤大道,Independent
湖北,武汉,潜江市晓波汽修配,潜江章华南路,Independent
湖北,武汉,武汉市洪山区诚发汽车轮胎服务中心,书城南路大华家园,CSS+
湖北,武汉,仙桃固铂轮胎替换中心,仙桃固铂轮胎替换中心,CSS+
湖北,武汉,武汉市东西湖聪聪汽车配件经营部,洁亮轮胎汽美店,Others
湖北,武汉,豫昌水箱电瓶修理店,雪峰轮胎店,Others
湖北,武汉,武汉市十字板手汽车服务有限公司,武汉市武昌多中北路车家岭,Others
湖北,武汉,老河口普利司通店,老河口市汉口路5-8号,Independent
湖北,武汉,车行天下汽车美容装饰中心,温泉岔路口（林校斜对面）,Independent
湖北,武汉,武汉市硚口区丰火轮胎销售中心,汉口桥口区营房村,Others
湖北,武汉,武汉市武昌区迈卡汽车美容中心,,CSS+
湖北,武汉,武汉市武昌区捷锋汽车美容服务部,武昌区积玉桥地球村23栋20号(4.28加),Others
湖北,武汉,湖北省洪湖市优科豪马店,洪湖市优科豪马店(2.25新加）,Others
湖北,武汉,云华汽车修理厂,,CTCC
湖北,武汉,武汉市江汉区明利轮胎经营部,,Independent
湖北,武汉,武汉市江夏区个体工商户(吴凤枝),,CSS+
湖北,武汉,武汉市硚口区光艺轮胎店,,Independent
湖北,武汉,鑫鑫钢丝轮胎修补服务中心,,Independent
湖北,武汉,武汉市江汉区民达轮胎经营部,,Independent
湖北,荆州,荆州市沙市区刘氏轮胎行,荆州江津中路,CSS
湖北,荆州,监利尚武,监利县客城轮盘旁,Others
湖北,荆州,减震器轮胎服务中心,,CSS+
湖北,黄冈,麻城市天诚汽车装饰美容中心,麻城南开路朝圣综合楼,Independent
湖北,黄冈,武穴市个体工商户张在胜(梅川张),,Independent
湖北,黄石,大冶市个体工商户,大冶市观山,Independent
湖南,长沙,长沙县湘龙威尔特轮胎经营部,,Others
湖南,长沙,长沙雨花区人本汽配经营部,,Others
湖南,长沙,长沙威尔特汽车配件有限公司河西万力店,,Others
湖南,岳阳,岳阳海天汽车服务中心,岳阳市新路口,CTCC
湖南,岳阳,汨罗市固铂轮胎专卖店,汨罗市城西北路29号,Others
湖南,常德,常德何雅,常德洞庭大道,Others
湖南,怀化,国中轿车轮胎连锁,怀化红星南路48号,CTCC
湖南,湘潭,湘潭高新区金桥健发轮胎店,湘潭市吉安路金侨花园A2门面,Others
湖南,湘西,花垣县城南安达轮胎店,吉首市花垣县城南路口,Others
湖南,益阳,桃江县鑫旺汽配经营部,桃江县芙蓉路,Independent
湖南,益阳,益阳新起点汽车服务连锁,长春路,Independent
湖南,衡阳,耒阳市标轮胎服务部,耒阳神农路,Others
湖南,衡阳,衡阳忠诚轮胎服务中心,衡阳市西环南华大学西门对面,Others
湖南,长沙,徐记补胎店,浏阳市车站东路28号,CSS
湖南,长沙,长沙中普汽车服务有限公司,长沙三一大道155号,Others
湖南,长沙,宁乡县玉潭镇文丰轮胎经营部,,Others
湖南,长沙,世衡轮胎服务中心,长沙市中南汽车世界L-24栋111-112号门面,Others
湖南,长沙,紫微汽车广场,长沙市远大路牛奶公司对面,Others
内蒙古,呼伦贝尔,海拉尔市海拉尔区鑫鸿阳汽车百货商行,,CSS+
内蒙古,呼伦贝尔,新九江汽车用品商行,,Others
吉林,吉林,磐石市永泰汽车配件商店,,CSS+
吉林,吉林,吉林省百旺科贸有限公司,,Independent
吉林,吉林,舒兰市三明换油中心,,Others
吉林,吉林,二道区车联汽车装饰行,,CTCC
吉林,吉林,吉林高新区恒山夏日轮胎经销处,,Others
吉林,吉林,吉林市车福轮胎轮圈商店,,Others
吉林,吉林,吉林省龙潭区三合炬鑫轮胎专卖店,,Others
吉林,吉林,蛟河王者轮胎有限公司,,Others
吉林,吉林,延吉市鑫丰轮胎经销处,延吉市站前街天池路955号,CSS+
吉林,吉林,吉林市鸿远物流有限公司,,Others
吉林,四平,四平市圣邦汽车维修有限公司,,Others
吉林,四平,四平市中发经贸有限公司,,Others
吉林,四平,双辽县洪东轮胎,,Others
吉林,松原,松原经济技术开发区桦林轮胎销售有限公司,,Others
吉林,松原,长岭县艳娟专项修理部,,Others
吉林,白城,白城市万达轮胎行,,Independent
吉林,白城,镇赉县镇赉镇双诺轮胎服务中心,,Independent
吉林,白城,通榆县金城汽车维修服务部,,Independent
吉林,白城,白城市鸿达轮胎,,Others
吉林,白山,临江市盛源轮胎商店,临江市社保局楼下,Independent
吉林,白山,白山市盛源汽车轮胎物资有限公司,白山市红旗街62-2号（大门洞西行20米）,Independent
吉林,辽源,辽源市龙山区融达汽车服务有限公司,,CTCC
吉林,辽源,辽源市龙山区金典汽车服务有限公司,,Others
吉林,通化,通化市万达汽车配件有限公司,,Others
吉林,通化,通化市广利轮胎,,Others
吉林,长春,长春市绿园区宏大轮胎经销部,,Independent
吉林,长春,长春市老董汽车服务有限公司,,Independent
吉林,长春,长春市天成轮胎经销有限公司,,Independent
吉林,长春,长春经济技术开发区快捷轮胎修理部,,Independent
吉林,长春,德惠市胜利街金城润滑油商店,,CTCC
吉林,长春,长春源茂商贸有限公司,,Independent
吉林,长春,绿园区广通汽车修理部,正阳街,Others
吉林,长春,净月经济开发区安东汽车养活中心,,CSS+
吉林,长春,长春中东铭洋汽车,,Others
吉林,长春,长春市名车坊汽车服务中心,,Others
吉林,长春,长春亿帮轮胎,,Others
吉林,长春,长春龙都汽车服务有限公司,,Others
吉林,长春,长春吉益汽车,,Others
吉林,长春,长春恒星经贸有限公司,,Others
吉林,长春,长春市众通经贸有限公司,,Others
吉林,长春,榆树市泽远乘用车轮胎专业店,,Others
吉林,长春,长春市盛捷经贸有限公司,,Independent
吉林,长春,长春市信誉轮胎,,Others
吉林,长春,长春轮语轮胎,,Others
吉林,长春,长春广利轮胎,,Others
辽宁,丹东,宽甸满族自治县城镇明志轮胎大全,宽甸县南环路进口处,Others
辽宁,丹东,凤城市凤凰城经济管理区万里行轮胎销售中心,,Others
辽宁,丹东,丹东刘新城,,Others
辽宁,大连,大连市沙河口区通通汽车养护中心,,Others
辽宁,大连,大连市甘井子区松江路加速度轮胎销售店,大连市甘井子区松江路70号,CTCC
辽宁,大连,大连加速度轮胎服务有限公司,大连市中山区春和街41号,CTCC
辽宁,大连,大连市沙河口区超信四轮定位修理部,大连市沙河口区新生路57号,CTCC
辽宁,大连,大连市西岗区新创世轮胎商行,大连市中山区人民广场1-5号,CSS
辽宁,大连,大连兴隆汽车养护维修行,大连市中山区中南路122号,CPC
辽宁,大连,大连博翔汽车服务有限公司,大连市甘井子区周水子街柳北委3号,CTCC
辽宁,大连,大连市沙河口区车爵士轮胎店,,Others
辽宁,大连,瓦房店市共济办事处富兴轮胎商行,,Independent
辽宁,大连,大连金连旺角商贸有限公司,,Others
辽宁,朝阳,建平县叶柏寿立鑫轮胎商行,建平县北山建材市场西50米（101线红绿灯北）,Others
辽宁,朝阳,凌源市鑫发轮胎大全门市,凌源市101线华阳小区6号楼（市医院后门斜对过）,Independent
辽宁,朝阳,朝阳市双塔区安达轮胎销售维护中心,,CTCC
辽宁,朝阳,朝阳天龙,,Others
辽宁,本溪,本溪新中远汽车服务有限公司,,Independent
辽宁,本溪,本溪市惠多轮胎经销有限责任公司,本溪市峪明路卫峪街5栋一层9号,Others
辽宁,沈阳,阜新市海州区浩洋轮胎城,阜新市场海洲区创业路35-11号,CSS
辽宁,沈阳,阜新市佳源物资商贸有限公司,阜新市场海洲区创业路65号,CSS+
辽宁,沈阳,朝阳市双塔区玫瑰汽车服务中心,朝阳市双塔区龙山街4段（天富游泳馆对面）,Others
辽宁,沈阳,义县义州镇大众配件经销处,锦州市义县中兴园36-20号,Others
辽宁,沈阳,葫芦岛市龙港区逢泰轮胎替换保养中心,葫芦岛市龙港区龙绣街39-16楼GF,Others
辽宁,沈阳,沈阳市和平区骏元达汽车服务商行,沈阳市和平区胜利南街230号,CSS+
辽宁,沈阳,沈阳市大东区双牛汽车轮胎服务店,沈阳市大东区沈铁路38号1门,Independent
辽宁,沈阳,沈阳市苏家屯志鹏轮胎经销店,苏家屯,Others
辽宁,沈阳,沈阳市仁文汽车轮胎经销四部,皇姑区崇山西路淮河街18-1号,Independent
辽宁,沈阳,沈阳市沈河区车鑫宏泰汽车轮胎服务中心,沈河区南清真寺路48号,Independent
辽宁,沈阳,沈阳市建大汽车轮胎商行,沈阳市和平区火车头体育场,Independent
辽宁,沈阳,沈阳瑞泰华橡胶公司,沈阳市铁西区沈新路（西站对面胡同）,CSS+
辽宁,沈阳,沈阳市鑫源泽四轮定位服务站,铁西区肇工南街西部汽配城,CTCC
辽宁,沈阳,固铂轮胎台安县大河轮胎商行,台安县二高小桥 路北,Others
辽宁,沈阳,沈阳佳益汽车服务有限公司,,CPC
辽宁,沈阳,沈阳市鑫奉万祥烤漆维修中心,辽宁省沈阳市铁西区肇工南街186号2-29,Others
辽宁,沈阳,沈阳市华东汽车轮胎维修中心,辽宁省沈阳市肇工街186号,Others
辽宁,沈阳,沈阳华翔汽车维修中心 - SUV专营店,,Others
辽宁,沈阳,沈阳万里轮胎有限公司,,Others
辽宁,沈阳,沈阳市铁西区轮知星汽车轮胎商行,,Independent
辽宁,沈阳,沈阳万德,,Others
辽宁,沈阳,沈阳市恒源贸易有限公司,,Independent
辽宁,沈阳,沈阳大潘俊达轮胎经销处,,Others
辽宁,沈阳,台安仁文轮胎商行,,Others
辽宁,沈阳,沈阳老百中汽车维修养护有限公司,,Others
辽宁,沈阳,沈阳佾龙汽车美容中心二部,,Independent
辽宁,沈阳,灯塔市泰鑫汽车用品商行,,Independent
辽宁,沈阳,法库朱志军,,Others
辽宁,沈阳,沈阳三国,,Others
辽宁,盘锦,兴隆台区锦华轮胎配件商行,盘锦市兴隆台交通局北50米,Others
辽宁,盘锦,盘锦大洼新起点汽车服务广场,,Independent
辽宁,盘锦,盘锦光辉,,Others
辽宁,营口,营口市西市向阳轮胎电瓶经营修理部,,Others
辽宁,营口,营口经济技术开发区万路通汽车服务中心,,Independent
辽宁,营口,营口市老边区福兴轮胎用品经销处,,Independent
辽宁,营口,老边世东轮胎服务中心,,Independent
辽宁,营口,营口经济技术开发区华嘉商贸有限公司,,Others
辽宁,葫芦岛,葫芦岛胡文友,,Others
辽宁,葫芦岛,绥中李静,,Others
辽宁,辽阳,灯塔市诚泰汽车精品商行,大路口东行1000米,Independent
辽宁,辽阳,辽阳市白塔区鑫驰汽车修理部,辽阳市白塔区胜利路86号,CSS+
辽宁,辽阳,路安汽车服务,,Others
辽宁,辽阳,辽阳市弓长岭区百岁轮胎商店,,CTCC
辽宁,铁岭,开原市新奉物资轮胎有限公司,,Independent
辽宁,铁岭,铁岭市远东汽车修理厂,,Others
辽宁,铁岭,铁岭市伟隆达汽车服务有限公司,,Independent
辽宁,锦州,锦州市古塔区兴源轮胎城,锦州市古塔区北京路二段11-55号（附属医院加油站对过）,Independent
辽宁,锦州,锦州经济技术开发区继伟车辆修理部,锦州市古塔区北京路二段11-55号（附属医院加油站对过）,Others
辽宁,锦州,义县义州镇鑫瑞轮胎商行,,Independent
辽宁,锦州,锦州市古塔区爱车轮胎城行,,Others
辽宁,锦州,锦州利达,,Others
辽宁,阜新,阜蒙县天福轮胎服务商行,阜新县县政府对过,CSS+
辽宁,阜新,彰武恒通轮胎商社,,Others
辽宁,阜新,阜新刘军,,Others
辽宁,阜新,阜新蒙古族自治县老金轮胎总汇,,Others
辽宁,阜新,志江轮胎店,,Others
辽宁,鞍山,岫岩满族自治县城镇正安汽车轮胎精品行,,Others
辽宁,鞍山,鞍山市启众汽车保养检测有限公司,,Others
辽宁,鞍山,鞍山兴广达轮胎,,Others
黑龙江,哈尔滨,哈尔滨百信轮胎销售有限责任公司,,Independent
黑龙江,哈尔滨,哈尔滨超信恒业汽车服务有限责任公司,,Independent
黑龙江,哈尔滨,哈尔滨车益驰汽车用品经销有限责任公司,,Independent
黑龙江,大庆,大庆市新通利经贸有限公司,,CSS+
黑龙江,鹤岗,鹤岗市工农区超信轮胎商店,,Independent
黑龙江,哈尔滨,哈尔滨市锦程轮胎定位服务部,,Independent
黑龙江,哈尔滨,双城市宝圣发轮胎商店,,Independent
黑龙江,伊春,铁力市正阳鸿森汽车维修服务站,,CSS+
黑龙江,绥化,绥化市真和汽车配件修配厂,,Independent
黑龙江,鸡西,虎林市美洁汽车美容装饰服务中心,,Independent
黑龙江,七台河,勃力市万坤轮胎商店,,Independent
黑龙江,哈尔滨,哈尔滨方正飞达轮胎总汇,,Independent
黑龙江,绥化,绥化市北林区老超信五轮定位商店,,Independent
黑龙江,哈尔滨,龙沙区建伟轮胎商店,,Independent
黑龙江,哈尔滨,阿城市海东轮胎修理部,,Independent
黑龙江,双鸭山,集贤县万明轮胎商店,,Independent
黑龙江,七台河,七台河市大伟轮胎有限责任公司,,Independent
黑龙江,七台河,勃利县韩泰轮胎商店,,Independent
黑龙江,哈尔滨,五常市捷驰轮胎商店,,Independent
黑龙江,牡丹江,牡丹江市新新达轮胎商店,,Independent
黑龙江,鸡西,鸡西老五轮胎修理部,,Others
黑龙江,牡丹江,牡丹江汇龙汽车轮胎服务有限公司,,Others
黑龙江,鸡西,密山市密山镇韩泰轮胎商店,,Others
黑龙江,伊春,伊春市天辅轮胎商店,,CTCC
黑龙江,哈尔滨,哈尔滨市南岗区鸿润轮胎商店,,Others
黑龙江,哈尔滨,北安新阁轮胎商店,,Others
黑龙江,哈尔滨,哈尔滨市圣鑫汽车美容中心,,Others
黑龙江,哈尔滨,哈尔滨市平房区金龙汽车美容装饰广场,,Others
黑龙江,哈尔滨,哈尔滨市圣鹏轮胎有限公司,,Others
黑龙江,黑河,黑河市博远轮胎总汇,,Others
黑龙江,大庆,大庆市路安轮胎商店,,Others
黑龙江,双鸭山,饶河市万里轮胎商行,,Others
黑龙江,佳木斯,同江市天虹轮胎商店,,Others
黑龙江,齐齐哈尔,齐齐哈尔运捷汽车用品公司,,Others
黑龙江,七台河,七台河万宝美容装饰公司,,Others
黑龙江,佳木斯,佳木斯恒达轮胎商店,,Others
黑龙江,大庆,大庆有力轮胎商店,,Others
黑龙江,牡丹江,牡丹江广元轮胎商店,,Others
黑龙江,哈尔滨,加格达奇洪武轮胎商店,,Others
黑龙江,牡丹江,绥芬河万天轮胎商行,,Others
黑龙江,哈尔滨,满洲里中苏轮胎商行,,Others
黑龙江,哈尔滨,海拉尔蒙元轮胎商店,,Others
黑龙江,鸡西,密山运通轮胎商店,,Others
黑龙江,鸡西,虎林天意轮胎商店,,Others
黑龙江,哈尔滨,肇东华达轮胎商店,,Others
黑龙江,哈尔滨,哈尔滨阳光轮胎公司,,Others
黑龙江,哈尔滨,哈尔滨龙达汽车用品公司,,Others
黑龙江,大庆,大庆宏图轮胎公司,,Others
黑龙江,齐齐哈尔,齐齐哈尔广轮轮胎公司,,Others
黑龙江,绥化,绥化市成功汽车用品公司,,Others
黑龙江,佳木斯,佳木斯市万达轮胎商行,,Others
黑龙江,鹤岗,鹤岗市广聚轮胎商行,,Others
黑龙江,七台河,七台河市万龙轮胎公司,,Others
黑龙江,哈尔滨,宾县永顺轮胎商行,,Others
黑龙江,哈尔滨,通河路达汽车用品商行,,Others
黑龙江,黑河,北安市宏远轮胎商行,,Others
黑龙江,双鸭山,双鸭山市华华汽车用品公司,,Others
黑龙江,鸡西,鸡西市宾发轮胎商行,,Others
黑龙江,哈尔滨,哈尔滨市洪阳轮胎行,,Others
黑龙江,哈尔滨,哈尔滨市广聚轮胎,,Others
黑龙江,大庆,大庆市萨尔图区丰源鑫汽车配件商店    ,,Others
内蒙古,乌兰察布,化德县环球汽车养护中心,乌兰察布市化德县,Independent
内蒙古,乌兰察布,科布尔佳通轮胎四轮定位服务部,乌盟中旗科布尔,Independent
内蒙古,包头,包头市昆明区刚刚汽车轮胎维修部佳园店,包头市昆区佳园小区,CTCC
内蒙古,包头,包头市车之宝汽车轮胎服务部,包头市昆区第三运输公司,CSS
内蒙古,包头,曹四轮胎经销部,包头固铂县科教路,Independent
内蒙古,包头,包头市新万发贸易有限公司,包头市昆区,Independent
内蒙古,包头,包头市青山区慧明汽车轮胎服务部,包头市富强路富强市场对面,Independent
内蒙古,呼伦贝尔,呼伦贝尔市顺利达汽车用品有限公司,,Others
内蒙古,呼和浩特,呼市新城区万发轮胎经销部,呼和浩特市新城区胜利路,CSS+
内蒙古,呼和浩特,呼市新城区隆泰汽配轮胎销售服务部,呼和浩特市新城区235医院对面,Independent
内蒙古,呼和浩特,呼和浩特市赛罕区瑞信汽车服务部,呼和浩特市赛罕区新建东街,Independent
内蒙古,呼和浩特,玉泉区科恩轮胎经销部,呼和浩特市玉泉区锡林郭勒南路,Independent
内蒙古,呼和浩特,呼和浩特市赛罕区建华轮胎服务行,呼和浩特市赛罕区兴安南路,Independent
内蒙古,呼和浩特,汗赛区金志凯轮胎经销部,呼和浩特市赛罕区大学东路,Independent
内蒙古,呼和浩特,呼和浩特市陆通轮胎销售服务部,呼和浩特市赛罕区呼伦贝尔南路,CSS+
内蒙古,呼和浩特,内蒙古北方昕达经贸有限公司,呼和浩特市赛罕区新建西街,CTCC
内蒙古,呼和浩特,回民区富德尔轮胎经销部,呼和浩特市回民区通道南街,Independent
内蒙古,呼和浩特,呼和浩特市玉泉区亨至通洗车轮胎服务部,呼和浩特市玉泉区南茶坊洪兴建材城南,Independent
内蒙古,呼和浩特,呼和浩特市新城区玛吉斯汽车轮胎服务部,呼和浩特市金桥开发区世纪六路,Others
内蒙古,呼和浩特,正蓝旗上都镇轮胎大全,锡林郭勒盟正兰旗,Others
内蒙古,呼和浩特,呼和浩特市赛罕区全诚汽车修理厂,呼市新建东街豪华园底店,CPC
内蒙古,呼和浩特,呼和浩特市新城区红哥轮胎经销店,呼市北垣东街,Others
内蒙古,呼和浩特,新城区嘉车坊汽车服务行,呼市北垣东街义国宅园底店,Independent
内蒙古,呼和浩特,呼市新城区奥翔汽车维修部,呼市海东路,CTCC
内蒙古,呼和浩特,呼和浩特市回民区向阳轮胎维修部,呼和浩特市海西路锅炉厂往西200米路南,Independent
内蒙古,呼和浩特,呼和浩特市新城区鑫鑫汽车轮胎商行,,Independent
内蒙古,呼和浩特,薛家湾金太阳养护中心  ,,Others
内蒙古,呼和浩特,呼和浩特市赛罕区张伟轮胎经销部,,Others
内蒙古,呼和浩特,巴彦淖尔新大路轮胎,巴彦淖尔市临河区,CTCC
内蒙古,呼和浩特,呼和浩特大路轮胎,,Others
内蒙古,呼和浩特,二连浩特刘老大（原思变汽车装具）,,Others
内蒙古,呼和浩特,乌海京轮轮胎-李永强,,Others
内蒙古,赤峰,赤峰市红山区旺角轮胎超市,红山区园林路北段西大桥头旺角轮胎超市,Independent
内蒙古,鄂尔多斯,李杨轮胎销售中心,,Others
内蒙古,锡林郭勒,太仆寺旗恒鑫达轮胎服务中心,太仆寺旗宝星镇,CSS
内蒙古,锡林郭勒,锡盟禄达轮胎超市,锡林浩特市宝昌路第一加油站对面,Independent
内蒙古,阿拉善,李志强,,Others
内蒙古,,蒙翼汽车用品修理部,,CTCC
北京,北京,北京宜车车居轮胎有限公司 ,,Independent
北京,北京,北京宜车轮胎有限公司 ,,Independent
北京,北京,北京海华汤发商行,,Independent
北京,北京,北京福源爱轮胎有限公司 ,,Independent
北京,北京,北京金海扬帆汽车销售有限公司,北京市丰台区丰管路16号5号楼1035号,CPC
北京,北京,北京正桦商贸有限责任公司,北京市五方天雅汽配城内西8-95号,Independent
北京,北京,北京市楚翼智盛汽车配件经营部,北京市昌平区回龙观北郊汽配城C区3-4号,Independent
北京,北京,北京金联达汽车配件有限公司,北京市丰台区丰管路16号4号楼1017号,Independent
北京,北京,北京合兴顺通商贸中心,北京市房山区良乡东沿村（北京大南郊汽车配件市场轮胎区）,CPC
北京,北京,北京通宝行商贸有限公司,北京市丰台区大井东里8号楼南平房,Independent
北京,北京,五里店汽配城米其林轮胎店,北京市丰台区大井路,Others
北京,北京,北京佳龙光浩汽车配件经营部,北京市海淀区知春路53号加油站内,Independent
北京,北京,北京鹏祥通瑞国际贸易有限责任公司,北京市张仪村汽配城C区1号,Independent
北京,北京,北京双其利达汽车配件经营部,北京市海淀区小营汽配城综合区2号,Independent
北京,北京,北京花乡长友轮胎经销部,北京市丰台区花乡汽配城10区3-5,Others
北京,北京,北京兆安汽车维修中心,北京市丰台区草桥东路13号,Others
北京,北京,北京天成恒信商贸有限公司,北京市大兴区三台山路,Others
北京,北京,北京畅达盛宇汽车轮胎经营部,北京市丰台区草桥汽配城1厅18号,Independent
北京,北京,北京博达永顺轮胎经营部,北京市西郊汽配城配件市场外围去034,Others
北京,北京,北京欣安展商贸有限责任公司,北京市朝阳区四元桥汽配城5厅5号,Others
北京,北京,北京圣鹏轮胎有限公司,北京市房山区良乡东沿村（北京大南郊汽车配件市场轮胎区1---2号）,Others
北京,北京,北京通宏伟业汽车配件经营部,,CPC
北京,北京,北京瑞德汽车维修服务有限公司,,Others
北京,北京,北京祥运博达轮胎有限公司,,Others
北京,北京,北京润德汽车维修服务有限公司,,CTCC
北京,北京,北京日福祥商贸有限公司,,Others
北京,北京,北京鑫和易通商贸有限公司,,Others
北京,北京,北京海达轮胎服务中心,五方汽配城西8区88号,Independent
北京,北京,北京李振山(振山伟业)C,小武基汽配城C区124号,Others
北京,北京,北京亚驰迪汽配销售中心,北关汽配城南区26号,Independent
北京,北京,北京汇鑫源轮胎轮毂销售中心,梨园汽配城C厅3号,Others
北京,北京,北京奔宝奥众轮胎销售中心,东坝汽配城+C291,Independent
北京,北京,北京奔宝之家汽车配件经营部,东方基业汽配城西区20号,Independent
北京,北京,北京顺天腾达轮胎有限公司,北京市朝阳区东四环南路小武基汽配城E-49-51号,Independent
北京,北京,北京德金顺达轮胎销售中心,北京市平谷区新平路12号,Independent
北京,北京,北京汇鑫源轮胎轮圈批发中心,北京市通州区梨园京通汽配城C厅3号,Independent
北京,北京,北京日上行汽车用品有限公司第三分公司,北京市朝阳区京通快速杨闸恵河汽配城12-17号,Others
北京,北京,北京义诚永盛汽车配件中心,北京市通州区京东北关汽配城西7区3-5号,Independent
北京,北京,北京市久元汽车修理部,北京市顺义区顺平路7号,CSS
北京,北京,密云县密云镇长安轮胎修理部,北京市密云县兴云路口,Independent
北京,北京,北京岩吉祥轮胎销售部,北京市怀柔区南华大街25号,Others
北京,北京,北京万鹏盛誉汽车配件经营部,北京市西郊汽配城配件市场中心外围市场46号,Others
北京,北京,北京北方惠通轮胎商行,北京市丰台区花乡汽配城6.7.8号,Independent
北京,北京,北京鼎国衡贸易有限责任公司,北京市朝阳区金蝉西路甲1号酷车小镇D1-004号,Others
北京,北京,北京市鑫鸿翔商贸中心,北京市朝阳区盛华汽配城9区29-31号,Independent
北京,北京,北京顺天北安伟业商贸中心,北京市昌平区燕丹顺天通汽配城中区19-20号,CPC
北京,北京,北京龙民荣轮胎经销部,北京市顺义区京郊顺汽配城A区6、7、8、9号,CTCC
北京,北京,北京回龙观天旭汽车配件商店,北京昌平县回龙观北郊汽配城E区2-4号,Independent
北京,北京,北京一路峰持商贸有限公司,,Others
北京,北京,北京佳源盛业商贸有限责任公司,"北京市朝阳区姚家园路东甲1号东方基业汽修汽
配西区X2号",Independent
北京,北京,北京市通州区顺和轮胎修理部,北京市通州区北关环岛向南200米路口向西200米路南迅锋轮胎汽修厂院内,CSS+
北京,北京,北京恒通永旺商贸有限公司,北京市丰台长辛店北口往北路西,Others
北京,北京,北京德而福汽车用品销售中心,,Others
北京,北京,北京易车缘轮胎商行,北京市清河小营东方美都汽配城美容区22号,Independent
北京,北京,北京迎鹏成汽车配件经营部,北京市朝阳区惠河汽配城 ,Others
北京,北京,北京京淇信轮胎经营部,北京市朝阳区黑庄户乡大鲁店东大街2号,Others
北京,北京,北京环路通轮胎销售部,北京市怀柔区开放路于家园一区9号楼4号商店,Independent
北京,北京,北京恒义达汽车维修中心,北京市顺义区牛栏山镇华安大酒店西侧路北,CSS+
北京,北京,北京锦桐广达汽车装饰服务中心,北京市朝阳区城环城汽配城31号1022.1023,Independent
北京,北京,北京文兴达轮胎销售中心,,Others
北京,北京,北京柳益合汽车服务站,北京市海淀区鼓楼大街,Independent
北京,北京,北京飞达轮胎销售中心,北京市朝阳区朝阳北路白家楼,Independent
北京,北京,北京迅捷轮胎轮圈销售中心,,Others
北京,北京,北京一马当先汽车服务部,北京市朝阳区大鲁店北路郎各庄商业街 ,Independent
天津,天津,天津市汉沽区光耀轮胎,汉沽区大田镇原天马商厦底商,Others
天津,天津,海燕轮胎部,天津市宝坻区宝坻老车站明霞漆店北行20米,Others
天津,天津,天津市大港区超越汽车维护有限公司,天津市大港区海鲜街创业路120号,Others
天津,天津,天津市大港区大拇指汽车维修中心,大港油田钻井新村村庄南侧,CTCC
天津,天津,天津市津南区中天万泽汽车养护中心,天津市津南区小站镇一街,CSS
天津,天津,天津市港南区修理部,天津市大港区东环路786号,Others
天津,天津,天津市红桥区力成汽车配件经营部,天津市红桥区西青道与咸阳路交口,Others
天津,天津,天津市武清区来源轮胎经销部,天津市武清区徐官屯工贸大街,CTCC
天津,天津,天津市河西区广利金汽车轮胎维修店,天津市河西区爱国道与隆昌路交口,Others
天津,天津,天津动起来汽车配件有限公司,天津市南开区黄河道,Others
天津,天津,天津市北辰区金盛泽轮胎销售中心,北辰区刘房子晨盛路63号,Others
天津,天津,天津市河东区双箭汽车服务部,河东区富民路滨河新苑27-1-101,CTCC
天津,天津,天津市君正汽车维修有限公司,静海县静文路与旭华道交口,Others
天津,天津,天津润晟腾达汽车轮胎经营部,天津市北辰区宜兴阜宜兴路翠金园底商18号,Others
天津,天津,宝坻区德泉轮胎经销部,宝坻区玉华街109号,Others
天津,天津,天津英财汽车配件销售有限公司,天津市塘沽区河北路与宝山道交口,Others
天津,天津,天津市宁河县汉丰轮胎销售部,宁河县芦汉路与光明路交口,Others
天津,天津,天津市南开区万里汽车轮胎服务部,天津市咸阳路99号,Others
天津,天津,天津市河西区天源汽车配件经营部,天津市河西区隆昌路隆昌公寓15号增4号,Others
天津,天津,天津车之翼汽车科技发展有限公司,天津市河东区卫国道95号翰林院底商,Others
天津,天津,天津港保税区泽明汽车配件经营部,动力区空港世纪汽配城,Others
天津,天津,天津市嘉驰达商贸有限公司,天津市南开区延安路中欣汽配城,Others
天津,天津,天津市大港区春发轮胎经营部,大港区胜利村,Others
天津,天津,天津市武清区杨村七街成玉汽车轮胎修理部,,Others
天津,天津,天津市鑫捷丰汽配,,Others
天津,天津,天津车神,,Others
天津,天津,天津市东丽区祥泰汽车配件经营部,天津市程林庄路217号,Independent
天津,天津,塘沽天鑫,,Others
天津,天津,北辰横滨轮胎,,Others
天津,天津,西青文亭,,Others
天津,天津,静海车之翼,,Others
河北,保定,保定市五洲物资供应站,新北街187号,CPC
河北,保定,安新县迎宾路机动车综合服务部,安新县迎宾路(新华超市西侧）,CSS
河北,保定,定州市新达轮胎销售服务中心,定州市南环路种子公司斜对过,CTCC
河北,保定,定兴县大有汽车养护中心,定兴县107国道华建路口北行300米路东,Others
河北,保定,阜平县广达汽车装具部,阜平县汽车站东行300米路北（阜平县东寺大街）,CTCC
河北,保定,蠡县车安轿车轮胎服务中心,蠡县汽车站对过,CSS
河北,保定,河北省唐县利民农机修配厂,保定市唐县东环路利民轮胎直销处,CSS
河北,保定,雄县老刚轮胎门市部,雄县五莆槐树街老刚门市部,CSS
河北,保定,涿州市长虹轮胎门市部,涿州城西南街7号,CSS
河北,保定,望都盛祥轮胎经销部,,Others
河北,保定,涞源县天利车业,河北省保定市涞源县城百泉路174号同济医院东侧,Independent
河北,承德,围场满族蒙古族自治县围场镇远方轮胎经销部,河北承德市围场县凤凰南路137号华工道口,Others
河北,承德,滦平县通达兴轮胎修理部,河北承德市滦平县技术监督局对面,Others
河北,廊坊,文安安达轮胎维修,,CSS
河北,廊坊,廊坊市万达商贸有限公司,,Independent
河北,廊坊,三河市丰达汽车维护厂,,Others
河北,廊坊,三河市燕郊小玲汽车修理厂,燕郊镇夏威夷北岸燕顺路西侧,CSS+
河北,廊坊,霸州市城区天兴轮胎修理部,,Others
河北,廊坊,香河县淑阳镇吉利达配件门市部,,CSS+
河北,廊坊,三河市隆达京通汽车修理厂,,Independent
河北,张家口,张家口市金长行轮胎销售中心,张家口市九龙汽配城A区15-20号,Independent
河北,张家口,惠高达轮胎商行,张北县207线加油站南侧（外贸小区北侧）,Others
河北,沧州,沧州市张氏商贸有限公司万达汽车服务中心,沧州市永济中路40号,Others
河北,沧州,青县南环汽车服务中心,青县北环,Independent
河北,沧州,盐山县福海轿车维修保养中心,,Independent
河北,沧州,黄骅市前进汽车服务有限公司,,Others
河北,沧州,双宝轮胎商行,,Others
河北,沧州,泊头市津德路轮胎大世界,,Others
河北,沧州,东光精通轿车轮胎服务中心,,Others
河北,沧州,通达汽车轮胎门市部,,Others
河北,沧州,国辉轮胎服务中心,,Others
河北,石家庄,北京军区石家庄桑塔纳汽车维修站,石家庄胜利大街天河超市对过,CPC
河北,石家庄,石家庄桥东大地汽车服务部,石家庄柳辛庄汽配城,Others
河北,石家庄,石家庄市裕华区诚信轮胎销售中心,石家庄市东岗路与东二环交叉口西行200米,Others
河北,石家庄,石家庄市长安区永双轮胎经销处,和平东路306号,Others
河北,石家庄,石家庄市桥西区金昌轮胎经销部,石家庄市中华南大街446号棉十对面,Independent
河北,石家庄,石家庄市裕华区大地汽车轮胎四轮定位服务中心,石家庄体育南大街与槐中路交口东行50米,CTCC
河北,石家庄,辛集市兴华路再励轮胎修理部,辛集市兴华路北段市府广场西面,Others
河北,石家庄,高邑县精诚汽车维修部,,Others
河北,石家庄,裕华区昌达汽车修理厂,,Others
河北,石家庄,石家庄众诚汽车养护中心,,Others
河北,石家庄,桥东和成汽车轮胎销售部,,Others
河北,石家庄,无极县恒通轿车轮胎商行,,Others
河北,石家庄,石家庄平山县奔腾轮胎部,,Others
河北,石家庄,石家庄老丁轮胎超市,,Others
河北,石家庄,天恒汽车修理有限公司,,Others
河北,石家庄,石家庄桥西金鹏汽车轮胎修理部,,Others
河北,石家庄,石家庄市宝德利汽车服务中心,,Others
河北,石家庄,石家庄长安中车伟业汽车服务中心,,Others
河北,石家庄,石家庄长安区润通汽车维修部,,Others
河北,石家庄,元氏县正和轮胎门市,,Independent
河北,石家庄,正定县金锋轮胎修理部,,Independent
河北,石家庄,藁城市金桥车饰,,Independent
河北,石家庄,石家庄驰骋轮胎店,,Independent
河北,石家庄,石家庄众成汽车维护中心,,Independent
河北,石家庄,赵县捷通轮胎专卖店,赵县308国道磷肥厂北邻,Others
河北,石家庄,行唐县永利轮胎服务中心,行唐县龙州大街西段路南,Others
河北,衡水,衡水市开发区艳春汽车装饰部,衡水市和平西路富力城对过,CTCC
河北,衡水,安平县占表补胎打气,河北省安平县为民东街103号,Independent
河北,衡水,冀州市万事达汽车快修保养部,,Others
河北,衡水,衡水市腾达轮胎服务中心,,Others
河北,衡水,枣强县加速度汽车轮胎经销店,,Others
河北,邢台,宁晋县明亮轮胎经销部,宁晋县晶龙街34号,Independent
河北,邢台,邢台市爱车行汽车服务有限公司,邢台市中兴西大街383号,CC
河北,邢台,邢台市会芳轮胎专卖店,新兴东大街与邢南路交叉口南200米路西,Others
河北,邢台,邢台市捷众轿车维修服务中心,邢台市兴达北路632号,Others
河北,邢台,邢台市奔腾物资供应有限公司,钢铁路与中华大街交叉口西南角,Others
河北,邢台,沙河市华世汽修厂,沙河市机场路东端桥东办事处对过,Others
河北,邯郸,武安市宪召汽车配件销售有限公司,武安市向阳路湘江酒楼对过,Others
河北,邯郸,邯郸市复兴区澄海汽车配件经销处,邯郸市复兴区建设大街68号（交警三大队南行100米路西）,Others
河北,邯郸,邯郸市邯山区车之康轮胎配件经销处,滏西街与渚河路交叉口南行200米,Others
河北,邯郸,邯郸市肥乡县神龙汽修厂,,Others
河北,邯郸,邯郸市涉县轮杰商贸有限公司,,Others
河北,邯郸,邯郸永年超波轮胎,,Others
河北,邯郸,邯郸市嘉安汽车服务中心,,Others
河北,石家庄,无极小奇汽车配件经销部,,Independent
河北,沧州,沧州市运河区圣帝轿车轮胎服务中心,,Independent
河北,邯郸,邯郸市涉县轮达汽车配件供应处,,Others
河北,邯郸,邯郸市广通汽车配件有限公司,邯郸市渚河路中原汽配城西平101号,Others
河北,唐山,唐山迁安市国利轮胎店,,Others
河北,唐山,唐山市路南区泰鑫源轮胎商行 ,,Others
河北,秦皇岛,秦皇岛市衡动轮胎有限公司,海港区,Independent
河北,秦皇岛,秦皇岛市山海关区鸿煊轮胎经销部,山海关区,Others
河北,秦皇岛,青龙满族自治县青龙镇轮胎经销中心,青龙县,Others
河北,秦皇岛,乐亭县城关志波轮胎经销处,乐亭县,Others
河北,秦皇岛,秦皇岛市百路顺轮胎,海港区,CTCC
河北,秦皇岛,秦皇岛市荣华轮胎有限公司,海港区,Others
河北,秦皇岛,秦皇岛震顺贸易有限公司,昌黎县,Others
河北,秦皇岛,秦皇岛市龙轩轮胎经销处,,Others
河北,秦皇岛,海港区兴海轮胎大全,,Others
河北,秦皇岛,秦皇岛开发区鲁庆轮胎经销处,,Others
河北,秦皇岛,秦皇岛市银发汽车配件经销部,,Others
河北,秦皇岛,卢龙县宏伟轮胎经销处,,Others
河南,三门峡,灵宝市建平橡胶物资有限责任公司,灵宝市黄河路中段,Others
河南,信阳,罗山县韩泰轮胎服务中心,罗山县新息罗路口西100米路南,Others
河南,信阳,光山大军轮胎行,光山县二高光马路,Others
河南,南阳,金明轮胎服务中心,,CTCC
河南,南阳,镇平县168轮胎大全,镇平县南环路与健康路交叉口,Others
河南,周口,鹿邑县轮胎城,,CSS+
河南,周口,军胜轿车轮胎大世界,,Others
河南,周口,项城邓禄普轮胎,,Others
河南,商丘,商丘市极速传说轮胎销售公司,,Others
河南,商丘,民权固铂洗车店,,Others
河南,安阳,安阳市殷都区建梅轿车轮胎经销部,,Others
河南,安阳,林州市开元区建喜轮胎服务部,,Others
河南,安阳,鲍世显洗车店,,CSS
河南,安阳,内黄县红亮轮胎门市,,Others
河南,安阳,安阳市龙安区鑫鑫轮胎行,,Others
河南,安阳,安阳市十方轮胎总汇,安阳市铁西路,Others
河南,平顶山,平顶山市卫东区亚丽轮胎店,,Others
河南,平顶山,张民政轮胎修理,,Others
河南,平顶山,叶县安广轮胎修补店,叶县北水闸东200米路南,Others
河南,平顶山,湛河区大江轮胎销售部,平顶山市一中对面,CSS+
河南,平顶山,老汪轮胎,平顶山建西汽配城,Others
河南,平顶山,平顶山市知宇商贸有限公司,平顶山市建设东路大营路口,Independent
河南,开封,开封市顺河区晓阳汽配中心,,CSS+
河南,开封,名优轿车轮胎大全,,Others
河南,开封,通许县诚信洗车行,,Independent
河南,新乡,长垣县万达轮胎超市,,Independent
河南,新乡,巩义市北山口通达轮胎经销部,,CTCC
河南,新乡,新乡市开发区胜利轮胎四轮定位门市部,,CTCC
河南,新乡,封丘市长友轮胎大全,新乡市封丘县黄池路759号,Others
河南,洛阳,洛阳市站区金睿翔汽车用品快修行,,Others
河南,洛阳,洛阳金睿祥汽车用品行,,Others
河南,洛阳,洛阳市西工区车之缘汽车用品行,,CTCC
河南,洛阳,汝阳市万里盛汽车用品商行,,Independent
河南,洛阳,洛阳市涧西区普利斯通轮胎 ,洛阳市澗西区,Independent
河南,漯河,漯河新干线轮胎,,CSS
河南,漯河,郾城区关镇正新轮胎维修店,,Independent
河南,漯河,漯河市锦湖轮胎,漯河市湘江路西头加油站隔壁,Independent
河南,濮阳,车之家轮胎替换中心,,CSS
河南,濮阳,清丰县正新轮胎专卖店,,Others
河南,焦作,焦作市解放区普济路恒发轮胎销售部,,CSS+
河南,焦作,济源二平轮胎行,,CSS+
河南,焦作,孟州市四强轮胎经销部,,Others
河南,焦作,温县黄河路轮胎修配部,,Others
河南,焦作,焦作市解放区新华南街应战汽车配件经营部,,Others
河南,焦作,济源市四强轮胎经销部,,Others
河南,焦作,浩坤轮胎行孟州店,,Others
河南,焦作,焦作市山阳区崔海庆修理部,,Others
河南,许昌,许昌访友金道轮胎行,,CTCC
河南,许昌,禹州伟业汽车总汇,,Others
河南,许昌,长葛市李文灿轮胎商行,,Others
河南,许昌,许昌士江轮胎行,,Others
河南,许昌,禹州韩泰轮胎行,,Others
河南,许昌,长葛市红霞轿车轮胎行,,Others
河南,许昌,鄢陵县学雷汽车维修店,,Others
河南,许昌,许昌魏都世江轮胎行,,Independent
河南,郑州,新密市市区迅驰轮胎行,,CSS
河南,郑州,郑州米其林轮胎店,,Others
河南,郑州,郑州市金水区鸿盛汽车修配部,,Independent
河南,郑州,林州市东环路泰克小车轮胎修理部,,CTCC
河南,郑州,登封市市区丰军轮胎门市,,CTCC
河南,郑州,登封市市区鹏飞轮胎经营部,,Others
河南,郑州,郑州博众轮胎服务部,,Others
河南,郑州,郑州骑士星汽车维修有限公司,,Others
河南,郑州,郑州飞宇轮胎商行,,Others
河南,郑州,郑州市佳诚轮胎商行,,Others
河南,郑州,郑州天源化工原料有限公司北环分公司,,Others
河南,郑州,南阳高新区小李轮胎修修理部,,CSS
河南,郑州,郑州捷通轮胎销售中心,,Others
河南,郑州,巩义先达汽车美容装饰广场,,CSS+
河南,郑州,新密市市区一帆汽车装饰行,,Others
河南,郑州,洛阳市站区建大轮胎商行,河南省洛阳市西工区纱厂北路21号,Independent
河南,郑州,郑州高新区新天地汽车养护中心,郑州市西开发区梧桐街与瑞达路交叉口向西100米路北,CTCC
河南,郑州,巩义市芝田红武汽车座套用品部,,Independent
河南,郑州,郑州翔宇轮胎行,,Others
河南,郑州,郑州兴旺汽车用品经销部,,Others
河南,郑州,郑州市汽配大世界贵峰轮胎商行,,Others
河南,郑州,郑州市佳合轮胎行,郑州市商堡汽配批发市场B区2排6-7号,Independent
河南,郑州,郑州市管城区金光汽车快修站,郑州市紫荆山路与航海路交叉后向南100米路东,Independent
河南,郑州,郑州市惠峰轮胎轮圈经营部,,Others
河南,郑州,郑州市二七区诚达汽车精养服务站,兴华南街与淮河路交叉口南300米路东,Others
河南,郑州,郑州市建平机车配件服务部,颖河路110号,Others
河南,郑州,郑州市鑫泓轮胎经营部,长江路与淮南街交叉口西南角,Others
河南,郑州,郑州市花园路汽配大世界万通轮胎行,,Others
河南,郑州,郑州龙腾汽车用品服务中心,,Others
河南,郑州,郑州中轮商贸有限公司,郑州市天荣汽配城A区63-9号,Independent
河南,郑州,轮胎大全,新安县,Others
河南,郑州,郑州宏泰汽配商行,郑州市南三环汽贸园,Others
河南,驻马店,驻马店一号车站,,Others
河南,驻马店,驻马店建大轮胎店,,Others
河南,驻马店,007汽车装饰美容中心,,Independent
河南,驻马店,上蔡县银燕汽车装饰门市,,Others
河南,鹤壁,鹤壁士东品牌轮胎店,鹤壁新区淇滨大道与107向西200米路北,Others
广东,东莞,东莞市虎门创记轮胎商店,107国道北栅路段合成洒店对面,CTCC
广东,东莞,东莞市桥头新记汽车补胎店,东莞市桥头镇领头管理区新记补胎店,CSS
广东,东莞,东莞市东城赤道轮胎经营店,莞城合和中段,Others
广东,东莞,东莞市莞城信达汽配经营部,东莞莞城区金牛路22号（儿童活动中心对面）,Others
广东,东莞,东莞市石排祥记汽车补胎店,东莞东城南路金澳大厦公安局大楼路囗,CSS
广东,东莞,东莞市塘夏和兴汽车补胎店,东莞塘厦镇江源大道（和平旅店对面）,Others
广东,东莞,东莞市东城青城轮胎店,东莞市樟村大道人行宿舍93号,CTCC
广东,东莞,东莞大岭山球记轮胎店,,Others
广东,东莞,东莞市大朗路德驰轮胎服务中心,,Others
广东,东莞,东莞市长安东亚轮胎汽车配件店,,Independent
广东,东莞,东莞市洪梅元通轮胎店,,CSS+
广东,东莞,东莞市凤岗镇东泰轮胎店,,Independent
广东,东莞,东莞市利华专业轮胎店,东莞市石碣镇明珠中路A18号,Independent
广东,东莞,东莞市厚街超顺轮胎店,东莞市厚街镇厚街汽车站对面,Independent
广东,东莞,东莞万江浩记轮胎服务中心,,Others
广东,中山,中山市小榄镇生财菊城补胎店,中山小榄镇永宁中永加油站对面,CTCC
广东,中山,中山豪顺汽车用品城,,Others
广东,中山,中山火炬开发区芳记轮胎行,,Independent
广东,中山,中山市西区旺发车皇朝汽车服务中心,,CTCC
广东,中山,中山市东区益群轮胎店,,Others
广东,中山,中山李记轮胎行,,Independent
广东,云浮,云浮新兴轮胎店,,Others
广东,佛山,佛山市顺德区容桂星泰物资商场,"顺德区容桂街道容奇大道中130号,13690556666",Others
广东,佛山,佛山市南海区天祥驰汽车电路维修店,南海里水里和路得胜路段96号（农业银行对面）,Others
广东,佛山,佛山市禅城区超能轮胎汽配部,佛山市禅城区同济东路,Others
广东,佛山,佛山越扬专业汽车用品商行,,Others
广东,佛山,顺德永豪轮胎销售部 ,,Others
广东,佛山,佛山市禅城区澳仕汽车用品店（原佛山澳澳、永澳）,,Others
广东,佛山,佛山市德顺区龙江镇尚谷轮胎店,,Others
广东,佛山,佛山市高明区荷城明达蓄电池轮胎经营部,,CSS+
广东,佛山,佛山市滔天贸易有限公司,,Independent
广东,佛山,佛山容桂平中轮胎,,Independent
广东,佛山,佛山九江越杨汽车用品,,Others
广东,佛山,佛山禅城永奥轮胎,,Others
广东,广州,广州市珠海区骏通汽车美容用品经营部,广州市海珠区骏通汽车美容用品经营部,CSS
广东,广州,广州兆盈汽车维修服务有限公司,黄埔大道西668号，广州骞马场汽车城东区16号（谭村路8号）,CSS+
广东,广州,广州市天河区东园骏驱汽车轮胎经营部,广州市黄埔大道东风本田专卖店正对面,Others
广东,广州,从化市街口信明轮胎配件店,从化市凤仪西路1巷1栋107号,CSS
广东,广州,韶关老补胎档,,Others
广东,广州,广州市达源汽配有限公司,广州市白云区广园中路633号致德汽车用品城A1档,Others
广东,广州,广州市海珠区海安汽车修配厂,,Others
广东,广州,超概念汽车美容维修,,Others
广东,广州,广州市增城恒丰汽车美容服务部,,Independent
广东,广州,广州市花都区新华伟昌轮胎经销部,,Others
广东,广州,新塘鸿兴轮胎补胎服务店,,CSS+
广东,广州,广州市棠下恒昌,,Others
广东,广州,远达轮胎店,,Others
广东,广州,泰森汽车服务有限公司,,Others
广东,广州,广州安珩汽车用品商行（艺丰/渝诚）,,Others
广东,广州,广州市花都区东安轮胎经营部,,Others
广东,广州,广州市白云区黄石速达汽车四轮定位部,,Others
广东,广州,广州市越秀区沃森汽车维修服务部,,Others
广东,广州,广州市荔湾区精工（华美）汽车生活馆,,Independent
广东,广州,广州市番禺区永英汽车轮胎服务部,,Independent
广东,广州,广州市白云区景泰顺发轮胎汽车配件贸易部,,Independent
广东,广州,广州市海珠区赤岗粤发轮胎店,,Others
广东,广州,广州市名车汇汽车服务中心,,Others
广东,广州,广州市百路车屋汽车服务中心,,Independent
广东,广州,广州市天河元岗观锋汽车配件部,,Independent
广东,广州,广州市固冠贸易有限公司,,Others
广东,广州,广州市荔湾区芳村亨城汽车服务部,,Independent
广东,广州,广州耀星,,Others
广东,广州,广州佳超,,Independent
广东,广州,百路通汽车服务中心,,Others
广东,广州,番禺大明汽配,,CSS+
广东,广州,广州忠海汽车美容服务部,,Others
广东,广州,广州快邦理汽车服务中心,,CSS+
广东,广州,广州桔达汽车美容修配服务中心,,CSS
广东,惠州,惠州市惠南商贸有限公司,惠州市麦地东路润城大厦首层107号,CSS
广东,惠州,惠州市惠阳区淡水华盛汽车配件店,惠阳区淡水立交桥左侧,CSS+
广东,惠州,惠州青记,,Others
广东,惠州,惠州市新生汽车用品装饰行,,Others
广东,惠州,惠州金记轮胎,,Others
广东,惠州,卓越,,Others
广东,惠州,福清轮胎,,Others
广东,揭阳,普宁市辉记轮胎服务中心,,Independent
广东,梅州,兴宁财兴轮胎店,,Others
广东,梅州,梅州梁记轮胎,,Others
广东,汕头,汕头市龙湖区凤凰山路顺达轮胎商行,,Independent
广东,汕头,建胜,,Others
广东,汕头,万事达,,Others
广东,江门,江门市仓后鸿惠轮胎经营部,江门市环市一路26号,CTCC
广东,江门,江门市新会区会城宏兴轮胎店,新会市汇城公园新村39座102(育才路),Others
广东,江门,恩平市永兴汽车物资经销部,恩平恩城镇鸭塘新村1巷1号,CSS
广东,江门,江门市蓬江区环市汇友汽车轮胎行,,Independent
广东,江门,台山市台城宏荣轮胎店,,Others
广东,江门,开平市三埠区建海汽车配件行,,Others
广东,江门,江门市蓬江区大中轮胎销售中心,,Independent
广东,河源,威华,,Others
广东,河源,河源鸿业汽配,,Others
广东,深圳,深圳市车天车地汽车服务有限公司,深圳市宝安区沙井街道旁上星路B栋,CTCC
广东,深圳,深圳市兴隆轮胎金地店,深圳市福田区金地工业区1路140幢A-10号,Independent
广东,深圳,深圳市罗湖区合升汽配商行,深圳市罗湖区太宁路17栋103,CTCC
广东,深圳,深圳市光明新区公明新迅达汽车服务中心,深圳公明镇建设西路合水口村中屯路口,CSS+
广东,深圳,深圳市锦威实业有限公司,深圳市宝安西乡街道流塘社区榕树路48号,CTCC
广东,深圳,深圳市龙岗区坪山镇坤泰轮胎行,深圳市龙岗区坪山镇深汕路612号,CPC
广东,深圳,深圳市龙岗区华生轮胎世界,深圳市龙华华生汽车维修服务部,CPC
广东,深圳,深圳市宝安区公明镇福振兴轮胎店,,Others
广东,深圳,深圳市众鑫源汽车服务有限公司,,Others
广东,深圳,深圳市南山区昌兴轮胎店,,Others
广东,深圳,深圳市宝安区新安集丰汽车配件商店,,CSS
广东,深圳,深圳市罗湖区深富城轮胎店,,Independent
广东,深圳,罗湖轿之林,,Others
广东,深圳,深圳信恒誉贸易有限公司,,Others
广东,深圳,深圳凤记,,Others
广东,深圳,深圳兴中南汽车维修,,Others
广东,深圳,雅达,,Others
广东,深圳,东盛达,,Others
广东,深圳,轿之源,,Others
广东,深圳,万和,,Others
广东,深圳,深圳市兴达轮胎店,深圳市罗湖区贝丽北路35号,Independent
广东,深圳,深圳市深宝轮胎店,深圳市福田区莲花北路天心楼,Independent
广东,深圳,深圳市景庭轮胎店,宝安区新安4路186号,Independent
广东,深圳,深圳市嘉顺达汽车维修厂,深圳市龙岗区龙西中路28号,Independent
广东,深圳,深圳龙岗区顺新发汽车配件店,,Independent
广东,深圳,深圳赛博轮胎有限公司,,Others
广东,深圳,深圳市福田区湘之盛汽车轮胎行,,Others
广东,清远,清远市瑞隆行汽车服务有限公司,清远市新城东22号区（武警支队旁）,CSS+
广东,清远,清远永昌轮胎经营部,,Others
广东,清远,阳山县雄记轮胎店,,Others
广东,湛江,雷州市雷城仁福轮胎专卖店,,CSS+
广东,湛江,湛江赤坎畅驰汽车用品商行,,Independent
广东,湛江,湛江徐闻华龙汽车音响,,CSS+
广东,珠海,珠海市正泰轮胎贸易有限公司,,Independent
广东,珠海,珠海市大胜汽车用品有限公司,,Independent
广东,珠海,珠海市香洲旭利汽车用品服务部,,Independent
广东,珠海,珠海顺驰轮胎店,,Others
广东,肇庆,肇庆市永安轮胎店,,Others
广东,肇庆,肇庆市端州区超记汽车轮胎经销部,,CSS+
广东,肇庆,肇庆雄发轮胎,,Others
广东,茂名,茂名市宇东贸易有限公司,茂名市站前路,Independent
广东,阳江,运通汽配精品贸易部,,Independent
广东,阳江,阳春运通汽车精品世界,,Others
广东,韶关,粤海汽车精品中心,韶关市韶南大道北3号,CTCC
广西,北海,北海市海城区魏记汽车用品经营部,,Independent
广西,百色,百色市和总轮胎汽配有限公司,百色市西园路右江区国税局对面,CTCC
广西,桂林,恭城县车友轮胎汽配经营部,桂林恭城县河西路96号,CTCC
广西,桂林,灵川县桥头综合修理部,灵川县公安街,Independent
广西,桂林,永福县美仑轮胎店,永福镇连江路商业步行街3巷15号,Independent
广西,柳州,鹿寨县文达轮胎经营部,鹿寨县飞鹿大道农业小区A1-7,CTCC
广西,柳州,象州迅驰轮胎经营部,象州温泉大道（七里桥旁）,CTCC
广西,贵港,贵港市港昌轮胎经营部,贵港市仙衣路卫生局出租铺面,CPC
广西,来宾,武宣县万事达轮胎经营部,武宣县城北路380号,Others
广西,百色,靖西县港靖轮胎贸易有限公司,靖西县凤凰路335号,Independent
广西,河池,罗城时代汽车美容服务部,罗城县解放六157号,CTCC
广西,南宁,南宁市和总轮胎汽车配件有限公司,南宁市园湖北路156号,CSS+
广西,柳州,柳州市源动力轮胎汽配经营部,柳州市三中路,Independent
广西,南宁,南宁市车之翼轮胎经营部,南宁市思贤路,Independent
广西,桂林,桂林市车之翼轮胎经营部,桂林市穿山路25栋,Independent
广西,南宁,横县横州镇湘潭蓄电池轮胎服务部,横县汽车站旁,Independent
广西,南宁,南宁市邓禄普汽车用品有限责任公司,南宁市友爱北路102号,Independent
广西,南宁,南宁市圣实汽车配件经营部,南宁市长湖路埌东小学对面,Independent
广西,崇左,周建强,崇左市平阳路9号,Independent
广西,南宁,南宁市确信五十铃供应维修有限责任公司,南宁市望州路,Independent
广西,崇左,罗记补胎,天等天宝南路远管综合楼,Independent
广西,柳州,柳城县大埔镇新平汽配经营部,柳城县河东大厦日田药厂,CTCC
广西,柳州,三江县顺鸿轮胎修理部,三江县雅谷路东园市场,Independent
广西,柳州,柳州市正通汽车玻璃经营部,柳州市燎原路佳禾小苑1号,CTCC
广西,钦州,钦州市钦南区德通汽车养护中心,钦州市文峰南路357号,CTCC
广西,河池,河池市御驾宝驹一站式汽车服务中心,河池市西环路124号,CTCC
广西,南宁,南宁市车空间经营部,南宁市竹溪大道73号领东尚层,Independent
广西,柳州,融安县新光汽配经营部,融安县桔乡南路35号,CSS
广西,贺州,贺州市八步联升轮胎经营部,贺州市八达中路347号,CSS+
广西,钦州,灵山县灵城镇万里汽车维修厂,广西灵山县灵城镇新圩路口直入180米,Others
广西,钦州,浦北县新动力汽车服务中心,浦北县越州大道,Independent
广西,河池,宜州新概念汽车服务中心,宜州市山谷路84号,CTCC
广西,百色,田东县赵记轮胎经营部,田东县东宁西路果菜批发市场旁,Independent
广西,柳州,融水镇麒源汽车配件门市部,融水县秀峰北路45号（环卫站门面）,Independent
广西,南宁,南宁市国大轮胎经营部,南宁市望州兴旺路,Independent
广西,南宁,宾阳县芦圩商城春风轮胎总汇,宾阳县广原路902号,CSS+
广西,防城港,防城奇峰特福莱汽车装饰中心,防城港市防城区二桥市场,Independent
广西,桂林,平乐县永盛汽车美容会所,桂林市平乐县正北街“三鑫现代城”一楼,Others
广西,百色,那坡县轮源轮胎店,那坡县睦边大道71号,Independent
广西,防城港,上思县车驿站轮胎店,上思县团结东路交通路政大队右边,Independent
广西,百色,德保县祥盈轮胎经营店,德保县南隆路255号,Others
广西,南宁,南宁市锦湖轮胎经营部,南宁市衡阳东路57号,Independent
广西,南宁,南宁市柳州仔汽车维修美容部,南宁市大沙田银海大道236号,Independent
广西,南宁,广西奥桑汽车修配有限责任公司,南宁市望州路296-9号,Others
广西,南宁,万顺达轮胎总汇 - SUV专营店,五象大道,Others
广西,崇左,宁明县桥东华生轮胎店,,Independent
广西,防城港,防城港阳光汽车美容店,,CSS+
广西,南宁,南宁亿车馆商贸有限公司,望州岭,Independent
广西,南宁,南宁普利司通店,南宁市双拥路16-9号,Independent
广西,南宁,武鸣轮胎店,,Others
广西,南宁,马山轮胎店,,Others
广西,南宁,上林小车轮胎店,上林县同乐路尾,Independent
广西,南宁,大化轮胎店,,Others
广西,来宾,合山市家锋轮胎店,,Independent
广西,来宾,来宾轮胎店,兴宾区振林路,Independent
广西,桂林,全州县（老字号）锋轮胎店,,Others
广西,桂林,桂林市米其林店,,Others
广西,桂林,兴安宝驹园轮胎店 - SUV专营店,西环路农贸市场,Others
广西,桂林,荔浦轮胎店,,Others
广西,梧州,广西蒙山县个体户黄民忠,,Independent
广西,梧州,梧州轮胎店,,Others
广西,梧州,藤县轮胎店,,Others
广西,梧州,岑溪轮胎店,,Others
广西,玉林,北流市快车道轮胎总汇,,Independent
广西,玉林,玉林市鼎盛贸易有限责任公司,,Others
广西,玉林,博白宝星汽车服务中心,博白锦绣东路名仕花园大门右侧,Independent
广西,玉林,容县轮胎店,城西路23号,Independent
广西,百色,田林县车之翼轮胎店,,Independent
广西,百色,凌云誉艺轮胎店,,Independent
广西,贵港,平南县老欧轮胎经营服务部,,Others
广西,贵港,平南镇欧炳鸿轮胎店,,Others
广西,贵港,桂平市顺兴轮胎服务部,,Independent
广西,贺州,邵平县动力快线汽车服务中心,,Independent
广西,防城港,东兴福源轮胎店,,Independent
海南,三亚,三亚轮胎店,,Others
海南,海口,海口美兰铧顺汽车维修服务中心,海口市南海大道豪苑路坡巷村256号,Others
海南,海口,海口意丰汽车用品有限公司,海口市红城湖2号,CSS
海南,海口,海口环宇汽车维修服务有限公司,,CSS
福建,厦门,厦门市思明区昕阳轮胎维修店,厦门市莲前西路685号之一（莲前西路新牡丹大酒店对面）,Others
福建,厦门,厦门路达辉贸易有限公司,厦门市莲岳路（联谊广场隔壁、长青路路口）,Others
福建,厦门,延顺轮胎店,厦门市仙岳路77号芙蓉花园,Others
福建,厦门,厦门好主顾贸易有限公司,厦门市同安区环城路祥富佳园109-110号,CSS+
福建,厦门,厦门市思明区申发火补店,厦门市禾祥西二路（华侨海景城旁）,CSS+
福建,厦门,厦门市恒群贸易有限公司,厦门市湖里区长岸路72号（湖里公交总站旁）,Others
福建,厦门,厦门车宝鑫贸易有限公司,厦门市海沧区钟林路638号,CSS+
福建,厦门,厦门市飞得勒轮胎店,厦门市思明区东浦一里23号之四,Others
福建,厦门,厦门市思明区车保姆汽车美容服务部,厦门市思明区松柏路152号之四,CSS+
福建,厦门,金达恒轮胎修配中心,厦门市翔安区马巷镇西路96-100号,Independent
福建,厦门,厦门市宾联轿车服务有限公司金尚分公司,厦门市思明区洪莲西路16-18号,Others
福建,厦门,厦门市湖里区金雅洁汽车美容店, 厦门市湖里区下忠村口拆迁办隔壁（雅洁汽车美容服务中心）,CPC
福建,厦门,厦门市文辉轮胎行,厦门市思明区后埭西路金榜公园西门对面98-106号,Independent
福建,厦门,厦门市永红新汽车服务部,,CSS
福建,泉州,福威轮胎行,石狮市服装城斜对面（宏基汽车城隔壁）,CTCC
福建,泉州,晋江市池店镇华洲补胎店,泉州晋江市池店镇政府斜对面,Others
福建,泉州,晋江市陈埭镇顺发轮胎店,泉州晋江市青阳苏厝市场边,Others
福建,泉州,泉州市丰泽区鸿运汽车服务中心,泉州市宝洲路鑫亿大厦28号加油站旁,CPC
福建,泉州,万顺轮胎行,泉州市惠安县公安局北侧（中石化隔壁）,CTCC
福建,泉州,顺发轮胎店,石狮市祥芝镇石祥路377号,Others
福建,泉州,泉州市鲤城展城楚顺轮胎店,泉州市鲤城区兴贤路221号,CSS
福建,泉州,永春县桃城镇瑞兴汽车轮胎行,泉州市永春县桃城环岛往泉州50米处,Others
福建,泉州,集美轮胎连锁店,泉州市城西路南9区4幢13号,Others
福建,泉州,诚德轮胎行,泉州市少林路中段185-189号,Independent
福建,泉州,水头安达轮胎行,南安市水头镇奎峰路366-368号,Independent
福建,泉州,安海振东轮胎行,安海南环路庄头开发区前蔡路口,Independent
福建,泉州,龙英补胎店,晋江市龙湖镇英厝头,Others
福建,泉州,永鸿利轮胎商行,晋江市磁灶镇下官路中行对面,Others
福建,泉州,泉州安溪良利汽车保修厂,安溪美法工业区供销加油站对面,Others
福建,泉州,石狮大众汽车修理厂,,Independent
福建,泉州,漳州合胜轮胎店,,Independent
福建,泉州,漳州东山兴达汽车修配厂,,Others
福建,泉州,云霄县绥阳东轮胎服务中心,,Others
福建,泉州,厦门市阿发轮胎店,,Others
福建,泉州,厦门市日日建安汽车服务有限公司,厦门市湖滨北路（外贸仓库内）,Independent
福建,泉州,厦门市同安区橡塑工贸有限公司,,Others
福建,泉州,林志明,,Others
福建,泉州,厦门市顶荣蓝天轮胎店,,Others
福建,漳州,龙海市海澄解放补胎店,漳州龙海市海城镇山后村128号（钻石大酒店对面）,Others
福建,漳州,漳浦县绥安镇特福莱汽车保洁店,漳州市漳浦县金鹿路西市场对面,CSS
福建,漳州,漳州安驰轮胎有限公司,漳州市胜利东路九龙大厦19-20号,CSS+
福建,漳州,漳州市丰腾汽车服务有限公司,漳州市芗城区新浦路45-5号,Others
福建,漳州,阿泉轮胎服务中心,漳州长泰县兴泰开发区积山下房村社口,CSS+
福建,漳州,漳州拓普汽车服务有限公司,漳州市西洋坪路高信花园5幢D05、D06,Others
福建,漳州,长泰县福海补胎店,漳州长泰县南坂公路边（南坂加油站斜对面）,Others
福建,漳州,联友轮胎经销店,漳州角美龙池开发区鸿渐村村口,Others
福建,漳州,南靖县家生轮胎店,漳州市南靖县南靖山城浮山轮胎店（加油站对面）,Others
福建,漳州,龙海市建宝轮胎贸易有限公司,漳州龙海市塝山镇梧浦村（漳州迎宾路高速出口1公里处）,Others
福建,龙岩,福建省长汀县佳和轮胎商行,福建省龙岩市长汀县环城东路14号,Others
福建,龙岩,龙岩市新罗区宝泰明仕汽车轮胎经营部,龙岩市新罗区宝泰双洋路口米其林轮胎店,Independent
福建,龙岩,红太阳汽车装璜部,龙岩市永定县凤城镇耥耙街72号,Others
福建,龙岩,龙岩市新罗区东城洪文轮胎修补店,龙岩市新罗区北环东路60号,Others
福建,龙岩,连城县莲峰驰辉汽车生活馆,连城县洪山水利局路口（原大世界对面）,Others
福建,龙岩,长汀鑫达汽车用品有限公司,,Others
福建,龙岩,洋平,,Others
福建,三明,乐宝一站式汽车服务有限公司,沙县西园中联加油站内（往高速路口500米）,Others
福建,三明,三明市新动力汽车服务中心,三明重机厂门口,Others
福建,南平,铭华汽车美容中心,南平建阳市外国语学校旁（铭华美容城）,Independent
福建,南平,建林轮胎行,南平市环城路28号（朝阳轮胎店）,Independent
福建,福州,福清市祥友汽车维修部,福清市324国道宏路镇福耀工业区欧宝大厦1-8号,CTCC
福建,福州,福建市音西龙行汽车装饰店,福清市龙江区音西中学往龙田方向100米处,CSS
福建,福州,福清市音西福兴达轮胎店,,CPC
福建,福州,宁德市焦城区蕉业金星轮胎行,,Others
福建,福州,永安市固铂轮胎店,,Others
福建,福州,龙溪县水南火补轮胎店,,Others
福建,福州,沙县林滟汽车服务站,,Others
福建,福州,永安市恒峰四轮定位维护部,,Others
福建,福州,涵江区大地轮胎行,,Others
福建,福州,爱车宝汽车服务中心,,Others
福建,福州,晋安区辰星轮胎店,,Others
福建,福州,福州耀星轮胎行,,Others
福建,福州,福州三兴车美专业汽车养护中心,福州晋安区连江北路三兴加油站内,Others
福建,福州,华新汽车轮胎服务中心,福州市晋安区五四北秀峰路153号中天翡翠城05号店,Others
福建,福州,仓山吴弟轮胎行,福州仓山区三高路工商局楼下6-8店面,Others
福建,福州,鸿飞汽车美容店,闽清县梅城镇西大路521号（自来水公司旁）,Independent
福建,福州,MOC专业汽车美容护理中心,闽侯甘蔗世纪芳洲1号楼（中巴总站对面）,Others
福建,福州,福州宋闽轮胎行,福州台江区长寿路颐景园1期2-06店,Others
福建,福州,福州上街倍耐力轮胎店,福州上街闽都,Others
福建,福州,车香驿汽车服务中心,福州金山大道165号金山豪景2-3店面,Others
福建,莆田,仙游宾士名车会所,莆田市仙游县鲤南解放南路,Independent
福建,莆田,莆田市双达轮胎有限公司,莆田市城厢区区政府往前200米（荔景广场）,Others
云南,临沧,沧源博安进口汽车修理厂,,CSS
云南,怒江,六库废胎加工补胎服务部,,Others
云南,临沧,云县华灵工贸有限责任公司,,Others
云南,临沧,临沧云县轮胎,,Others
云南,临沧,沧源首东轮胎,,Others
云南,怒江,废胎加工补胎服务部,,Others
云南,思茅,普洱市思茅区固铂轮胎经营部,,Independent
云南,昆明,昆明市五华区鑫峰汽车用品经销部,昆明市霖雨路,CTCC
云南,昆明,昆明市五华区新兴轮胎经营部,昆明市万华路178号,CTCC
云南,玉溪,红塔区天天轮胎经营部,玉溪市一中对面,CSS+
云南,玉溪,通海秀湖修理服务站,通海县花园大道长虹路口,Others
云南,昭通,昭通国林轮胎商贸有限责任公司,昭通市昭阳区凤霞路371号,CTCC
云南,昭通,彝良越洪轮胎,彝良县角奎镇凯峰路109号,CSS
云南,玉溪,元江县灃江镇三友轮胎经营部,元江县城,CSS
云南,思茅,宁洱万旺小车轮胎服务部,宁洱公路,Others
云南,曲靖,陆良县国平轮胎服务中心 - SUV专营店,陆良县开发区联中对面,Others
云南,红河,弥勒县骏驰汽车服务广场,弥勒县,Independent
云南,西双版纳,晓林汽车配件门市,江北新大桥宣慰大道82号,CSS
云南,昆明,昆明市官渡区鹏锦汽车配件经营部,昆明市双峰路,Others
云南,昆明,云南和荣经贸有限公司十里长街分公司,昆明市十里长街,CPC
云南,红河,建水县玉河轮胎修理厂,建水高速公路入口,CSS
云南,红河,红河州颖洁商贸有限公司一分店,个旧市,Others
云南,红河,个旧大屯兄弟轮胎修理经营部,红河大屯昆和公路92号,CSS
云南,思茅,孟连广化汽车用品服务中心,孟连城东路103号 ,CTCC
云南,红河,蒙自县红英汽配经贸有限公司,蒙自文翠路,Independent
云南,文山,文山锦云轮胎替换中心,文山工商局旁,CTCC
云南,楚雄,楚雄市鹿城杰创轮胎修理部,楚雄环城东路,CSS
云南,大理,大理市精诚轮胎经营部,大理市,CSS+
云南,大理,大理市协力轮胎经营部,大理市环城东路,Independent
云南,大理,大理市和荣轮胎经销部,大理环城南路,CTCC
云南,保山,隆阳区脱胎换毂轮胎经营部,保山市永昌路中段124号,Independent
云南,保山,昌宁县田园镇尚德轮胎行,保山市 昌宁县工商局旁,CSS+
云南,丽江,王者轮胎公司丽江分公司,丽江市金凯广场对面,Independent
云南,文山,晓东汽车服务部,麻栗坡县,Others
云南,昆明,云南和荣经贸有限公司星汇分公司,昆明市新亚洲体育城,CTCC
云南,昆明,昆明逸鉴商贸有限公司,昆明市昌源北路月半湾小区商铺12-9号,CC
云南,昆明,昆明市西山区飞鱼轮胎经营部,昆明市西山区秀苑路60-1，2号,Others
云南,昆明,昆明市盘龙区天信轮胎经营部,昆明市北京路延长线江东花园商铺,Independent
云南,昆明,富民速腾车轮坊,昆明市富民县,CSS+
云南,昆明,禄劝屏山镇璐瑜汽车美容店,禄劝县屏山镇,Others
云南,昆明,陈兵轮胎销售服务部,昆明是宜良县,Others
云南,昆明,石林超越车保行,泸西路南石林县,Others
云南,楚雄,恒通汽配经营部,楚雄市大姚县,Others
云南,楚雄,元谋加家销售部 - SUV专营店,元谋县发祥路213号高速公路口斜对面,Others
云南,楚雄,禄丰县金山镇建大轮胎服务部,禄丰县董户村大桥头,Others
云南,红河,河口的哥轮胎行,河口山北大道32号（北加油站对面）,Others
云南,曲靖,曲靖市麒麟区辎驿商行,曲靖市教场西路,CPC
云南,文山,马关灵捷汽车修理厂,马关平安路,Others
云南,大理,剑川友谊轮胎经营部,剑川县城北消防大队旁,Others
云南,文山,砚山立创轮胎销售,砚山县民航路（羊街加油站旁）,Others
云南,大理,祥云驰宇轮胎经营部,祥云县新天下环城路,CSS+
云南,昭通,镇雄宏达轮胎经营部,镇雄县环城路,CTCC
云南,昆明,昆明市官渡区超永轮胎经营部,昆明市民航路403厂,Others
云南,保山,金吉祥,腾冲县火山广场旁,Independent
云南,德宏,芒市四度空间,芒市团结大街新盈汽车城旁,Others
云南,昆明,昆明市五华区东夷汽车配件经营部,昆明市虹山东路,Independent
云南,曲靖,丹凤庆国汽车修理店,师宗环东路,CSS
云南,昆明,安宁集友轮胎经营部,安宁市第五检测站旁,Others
云南,昆明,宜良匡远镇浩杰轮胎经营部,金房小区二期南区62--64号,Independent
云南,昆明,红塔区源万通小汽车维护中心,,Independent
云南,昆明,安宁通路驰轮胎经营部,,CSS+
云南,玉溪,小邢轮胎经营部,,CSS
云南,红河,红河州颖洁商贸有限公司,,Others
云南,昆明,昆明驰云轮胎商行,云南省昆明市东聚汽配城商铺,CTCC
云南,昆明,昆明竞达轮胎经营部,,Independent
云南,昆明,昆明市盘龙区佳磊轮胎经营部,,Independent
云南,曲靖,宣威市明辉轮胎服务中心 - SUV专营店,,Others
云南,曲靖,罗平县久盛轮胎服务中心,,Independent
四川,乐山,乐山市乐通商贸有限公司恒立分公司,乐山市新一中外三号桥十字路口,CSS+
四川,乐山,乐山市中心城区乐驰轿车轮胎服务部,乐山市中心城区大桥西街34号,CTCC
四川,乐山,韩泰轮胎服务中心,峨眉山市名山路东段蔡沱路口旁,Independent
四川,乐山,洁奥特汽车美容服务店,四川省夹江县新华大道阳光丽景34号,Others
四川,内江,资中县韩泰轮胎经营部,资中迎宾大道（原高管所对面）,CPC
四川,内江,内江市东兴区宁川汽车服务中心,内江市双苏路72-号,CPC
四川,内江,隆昌永盛汽车专业护理中心,隆昌（体育馆旁）,Independent
四川,内江,永洪轮胎经营部,威远三河街61号,Others
四川,南充,南充市嘉陵区龙腾汽车服务部,南充市成南高速公路出口,CTCC
四川,南充,南部县凯儿汽车装饰经营部,南部县一环路146号,CPC
四川,南充,南充市开发区顺安汽车服务部,南充迎凤路加油站,CPC
四川,南充,阆中市利达轮胎行,张飞大道北段83号米其林轮胎行,Others
四川,宜宾,永恒汽车美容装饰服务部,纳溪紫阳大道,Others
四川,宜宾,宜宾县皖宜汽车配件销售部,宜宾市柏溪县二二四皖宜石化加油站旁,CPC
四川,宜宾,宜宾市翠屏区速美汽车维修服务部,宜宾南岸西区诚信路丽都天城,CSS+
四川,巴中,通江县路路通轮胎经营部,通江县洛江镇碧山西路61号,CSS
四川,巴中,巴中市裕鑫汽车美容服务部,巴中市河桥汽配街裕鑫汽配,CTCC
四川,广元,广元市汽车配件轮胎门市部,广元科州东路二段利州花园旁,Independent
四川,广元,广元市格莱美酷车修养中心,广元市将军桥老职业中学,Others
四川,广元,剑阁轮胎服务中心,沙溪坝高速路口,Others
四川,广安,韩泰轮胎销售部,环城北路二段27号,Others
四川,德阳,德阳开发区金益汽车装饰服务部,德阳市珠江桥（人防加油站旁）,CPC
四川,德阳,什邡市风行汽车用品经营部,什邡市气象局底楼,Independent
四川,德阳,中江代福车业,中江县浩淼大道白塔寺门旁,Others
四川,德阳,江油市叶轮胎服务中心,江油市马路湾,Others
四川,德阳,绵竹剑南镇英雄轮胎经营部,绵竹剑南春酒厂对面,Independent
四川,德阳,德阳永信汽车用品经营部,德阳市凯路二段,Others
四川,成都,蒲江县建利汽车服务中心,蒲江县广定路顺城苑小区5栋5-1,CPC
四川,成都,武侯区中海轮胎经营部,成都市武侯大道铁佛段260号,CTCC
四川,成都,新都通站路轮胎经营部,新都宝光大道南段187号,CSS
四川,成都,都江堰金路驰轮胎经营部,都江堰市都市美丽洲5-2-2-1,CTCC
四川,成都,成华区兴玉鑫汽修部,成都市五桂桥永龙加气站旁,Independent
四川,成都,成都市武侯区鸿达韩泰轮胎经营部,成都市外双楠红牌楼二环路十字路口鸿达汽配广场6B-1-2,CTCC
四川,成都,成都市精诚轮胎服务中心,成都市成华区荆翠中路303号,CC
四川,成都,武侯区互利轮胎经营部,成都武侯区云霞路栖霞路十字路口,Others
四川,成都,成都市武侯区鸿运轮胎经营部,成都广福汽配城,Others
四川,成都,新都区三河茂峰琳汽车轮胎经营部,成都市新都区三河镇大东1社,CTCC
四川,成都,武侯区卓越汽车轮胎装饰用品中心,成都武侯区红牌楼一街179号附1号,Others
四川,成都,成都市武侯区信和韩泰轮胎经营部,成都红牌楼二街,CTCC
四川,成都,邛崃临邛镇恒兴轮胎门市,邛崃县蜚虹路中段82号,CTCC
四川,成都,成都市青羊区陈成轮胎经营部,成都金沙车站前西单商场对面,Others
四川,成都,成都市富德贸易有限公司,成都市三友路公交站旁,Others
四川,成都,成都市青羊区佳驰汽车轮胎经营部,成都市苏坡东路27号附27号,Others
四川,成都,青羊区红绿灯汽车服务部,成都市青羊大道288号,Others
四川,成都,青白江区红阳汽车轮胎修补门市,成都市青白江区华金大道23-24号,Others
四川,攀枝花,攀枝花市飞鹏物资有限责任公司,四川攀枝花市冶建公司红房子到密地桥中间处,CPC
四川,成都,西昌市东盛汽车配件经营部,西昌市三岔口南路一环路口,CTCC
四川,成都,西昌市金龙汽车修理装饰中心,西昌市三岔口南路长途汽车站,Others
四川,成都,宜宾市翠屏区成大轮胎经营部,宜宾市南岸蜀南大道交警大队门面,Others
四川,成都,资阳市云海汽车美容装饰,资阳市皇龙新城C区,Others
四川,成都,马尔康卢小平轮胎店,马尔康县马尔康镇阿底大桥美谷街口,Others
四川,成都,温江劲东石化服务部,温江南滨大道139号,CSS
四川,成都,成都市青羊区诚信轮胎经营部,成都光华大道瑞林152号,CTCC
四川,成都,犍为国洋轮胎经营部,犍为县玉津镇凤石街南段广播电视大楼斜对面,Others
四川,成都,成都市魔方汽车美容服务中心,成都永胜南街5号,Others
四川,成都,成都鑫誉汽车服务中心,成都长宁路48号,Others
四川,成都,安岳共得利轮胎经营部,安岳解放街岳城粮站,Others
四川,成都,成都万通轮胎经营部,成都清江东路,Others
四川,成都,广元市广友汽车摩托车俱乐部服务有限公司,广元市广友汽车摩托车俱乐部服务有限公司,Others
四川,成都,成都雅泛迪轮圈专卖店,成都市武侯区碧云路3号附8号,Others
四川,成都,成都市武侯区王老大轮胎经营部,成都市高升桥北街16号附25号,Others
四川,成都,西昌市语田轮胎经营部,西昌市长安路凯悦帝景,CTCC
四川,成都,红原县白河街汽车修理组,红原县白河街,Others
四川,成都,自贡市刘氏轮胎替换有限公司,自贡市贡井区南环路二号,CPC
四川,成都,射洪县顺利达轮胎经营部,射洪太和镇虹桥路平安花园25号,CTCC
四川,成都,成都市夺冠汽车维修有限公司,成都市武侯区双楠双丰路嘉好汽修厂,CTCC
四川,成都,彭州市当代汽车装饰美容用品中心,彭州繁江中路,CSS
四川,成都,崇州市昌盛轮胎服务中心,崇州市晋康北路,CSS
四川,成都,金牛区东州轮胎经营部,新店新洋轮胎市场,Others
四川,成都,成都嘉车坊汽车服务中心,,Independent
四川,成都,成都韩泰轮胎经营部,红牌楼鸿达汽配城,Others
四川,成都,益弛轮胎经营部,八里桥双水康城小区门市7.8.9号,Others
四川,成都,奇骏车队,,Others
四川,泸州,泸州刘氏汽车服务有限公司,泸州市连江路2段46号,CTCC
四川,泸州,叙永县万吉汽车维修服务部,叙永县环城大道（321国道）二道桥处,CPC
四川,泸州,纳溪县骏马轮胎经营部,纳溪区紫阳大道叉路口,Others
四川,眉山,眉山市东坡区靓典汽车美容服务中心,四川眉山市诗书路北段玫瑰园十三区（通威饲料厂斜对面80米）,Others
四川,眉山,眉山天众商贸有限公司,,Others
四川,眉山,万达汽车服务中心,眉山市一环东路往南加油站旁,Others
四川,绵阳,绵阳市车立方汽车服务有限责任公司,绵阳市长虹大道南段17-4,CPC
四川,绵阳,绵阳城区新怡汽车美容店,绵阳市南河路35号,CTCC
四川,绵阳,剑南镇天合汽车装饰美容店,绵竹金山角加油站对面,CSS+
四川,绵阳,盐亭蒋氏轮胎,盐亭城东路寺娅粮站,Others
四川,绵阳,三台通利达轮胎经营部,三台西干道加油站旁米其林轮胎,Others
四川,自贡,自贡金旭汽配有限公司,,Others
四川,资阳,简阳清风车影汽车美容装饰中心,简阳市工商局后面,Others
四川,资阳,飞腾轮胎经营部,资阳景观大道丹山粮站楼下,Others
四川,达州,四川万盛轮胎行,四川省万源市河街北路55-1号（火车站下方60米）,CTCC
四川,达州,达州市丰泽汽车服务部,达州市朝阳中路410号（海棠湾加气站侧,CTCC
四川,达州,轮胎大王,开江县新宁镇新安路222号,Others
四川,遂宁,遂宁市大众贸易有限公司,遂宁市南强供销大楼一楼二号,CPC
四川,雅安,雅安市雨城区鑫永昇汽配销售部,雅安北郊乡斗胆村二组,CTCC
四川,雅安,荥经韩泰轮胎服务中心,荥经县康宁路西一段162号（胥家湾家属楼下）,Others
四川,雅安,荥经靓车汽车服务中心,,CTCC
宁夏,银川,银川佳博伦工贸有限公司,,CTCC
山西,临汾,临汾其他店1,,Others
山西,临汾,襄汾县新城文斌轮胎经销店,襄汾县大运路,Independent
山西,吕梁,吕梁其他店1,,Others
山西,吕梁,吕梁其他店2,,Others
山西,吕梁,文水亨通轮胎经销部,吕梁市文水县农牧大楼斜对面,Others
山西,吕梁,建平轮胎大世界,交口县城关镇迎宾街,Independent
山西,吕梁,柳林县辎嘉诚汽车用品总汇,柳林县307国道政府大楼西侧10米,Others
山西,吕梁,孝义市老徐轿车轮胎精品店,孝义市新义东街花仙宾馆对面,Others
山西,吕梁,中阳县有龙轮胎销售部,中阳县环城路,Independent
山西,吕梁,介休市城区春岩轮胎平补店,介休市北坛路锦源大家店对面,Independent
山西,吕梁,李惠明,,Others
山西,吕梁,汾阳市鑫程轮胎经销部,汾阳市胜利西街润嘉小区固铂轮胎店,Independent
山西,吕梁,石楼县金驰汽配店,石楼县北大街,Independent
山西,吕梁,临县普利斯通轮胎经销部,临县东关街,Independent
山西,吕梁,壶关县龙泉郁强充气补胎门市部,壶关县西城路,Independent
山西,吕梁,长治县肥旦轮胎大全,长治县光明路145号,Independent
山西,吕梁,沁源县鑫捷安轿车轮胎服务中心,沁源县沁房宅桥头,Independent
山西,吕梁,屯留县城镇贵景汽车配件经销部,屯留县弈神西街,Independent
山西,吕梁,长子县宏利轮胎门市,长子县漳源东街,Independent
山西,吕梁,柳林辎嘉诚汽车用品总汇二部,柳林县307国道政府大楼西侧10米,Independent
山西,吕梁,鑫胜轮胎服务中心,清徐县凤仪街,Independent
山西,吕梁,贵平轮胎修理经销部,吕梁市兴县南沟门前,Independent
山西,吕梁,吕梁市中浩轮胎销售有限公司,吕梁市离石区龙凤大街民生帝景巷内,Independent
山西,大同,大同其他店1,,Others
山西,大同,大同其他店2,,Others
山西,大同,大同其他店3,,Others
山西,大同,大同其他店4,,Others
山西,大同,大同其他店5,,Others
山西,大同,大同其他店6,,Others
山西,大同,大同市胜达飞轮胎经销部,大同市北馨花园底商20号楼,Others
山西,大同,茂盛轮胎行,大同市新开路图书市场对面,CTCC
山西,大同,大同市南郊区宏运换油中心,大同市矿区交警五队斜对面,Independent
山西,太原,朔州新达物贸有限公司,朔州市民福东街与平朔路交叉口东50米路北,CPC
山西,太原,金大力轮胎总汇,山西省榆次小王湖加油站北100米路东,CTCC
山西,太原,山西太原迎泽区正大新轮胎商行,太原市体育路135号,CTCC
山西,太原,太原市金大力轮胎连锁有限公司,太原市平阳路大马村口维力斯酒店对面,CTCC
山西,太原,原平市原平丰田轮胎总汇,原平市京原北路京港湾康乐城旁,CTCC
山西,太原,太原市万柏林区祥泰轮胎行,太原市兴华西街晋机厂南门往西300米,CTCC
山西,太原,大鹏轮胎行,长治市液压十字路口往北,CTCC
山西,太原,晋城市城区洪亮轮胎经营部,晋城市凤台西街国税局对面,CTCC
山西,太原,古交市大川西路志成轮胎经销部,古交市腾飞路5号,CTCC
山西,太原,惠尔佳轮胎超市,繁峙县新三中西侧,CTCC
山西,太原,山西超帆贸易有限公司,山西省太原市平阳路小马村大北街17号（大昌集团对面）,CSS
山西,太原,寿阳县安通轮胎销售部,寿阳县曹河路口(原金山大酒店东测),CSS
山西,太原,太原市小店区广通达轮胎服务部,山西省太原市晋祠路,CTCC
山西,太原,万国轮胎经销部,临汾市尧都区鼓楼南怡汽车园,Independent
山西,太原,中林汽修,西宫万柏林路口/大同路与新建路交汇南200米,CSS+
山西,太原,太原市小店区快捷轮胎服务中心,小店昌盛街38号,CSS
山西,太原,李明明,太原市下兰村,Independent
山西,太原,河曲县兴茂源汽配中心,河曲县黄河车大街中段,Independent
山西,太原,长冶高新区鑫达鹏轮胎销售中心,,Others
山西,太原,山西金大力轮胎连锁店-南屯店,,Independent
山西,太原,山西金大力轮胎连锁店-建南店,,CTCC
山西,太原,山西金大力轮胎连锁店-王村店,,Independent
山西,太原,太原其他店1,,Others
山西,太原,太原其他店2,,Others
山西,太原,太原其他店3,,Others
山西,太原,太原其他店4,,Others
山西,太原,鑫美洁,,Others
山西,太原,山西鑫源轮胎有限公司,太原市万柏林区大王路12号,Independent
山西,太原,太原市小店区大势轮胎服务部 - SUV专营店,太原市小店区东太堡,Others
山西,太原,勤麟普轮胎服务中心,太原市许坦西街35号,Independent
山西,太原,山西太安汽车轮胎商行,太原市平阳路八一路口米其林轮胎店,Independent
山西,太原,张彬,太原市平阳路大马村,Others
山西,太原,太原新通达轮胎经销部,太原市建设南路280号,Others
山西,太原,利达轮胎行,条以上千峰南路南内环十字路口往南200米路西,Independent
山西,太原,太原市友笙物贸有限公司,太原市小店区康宁街中段,Independent
山西,太原,太原市宝利轮胎商行,太原市和平北路,Others
山西,忻州,忻州其他店1,,Others
山西,忻州,忻州其他店2,,Others
山西,忻州,原平市原平新建铆焊修理部,原平市小集镇,Independent
山西,忻州,路达汽车装潢材料轮胎大全,忻州市忻府区七一北路,Independent
山西,晋城,晋城其他店1,,Others
山西,长治,长治其他店1,,Others
山西,阳泉,阳泉其他店1,,Others
山西,阳泉,阳泉月福汽车有限公司,阳泉市金华苑楼下,Others
新疆,乌鲁木齐,乌鲁木齐市沙依巴克区鑫中广汽车配件服务部,乌鲁木齐市新医路322号,CTCC
新疆,乌鲁木齐,乌鲁木齐市天山区喀辽莎汽车用品经营部,乌鲁木齐市延安路287号,Others
新疆,乌鲁木齐,乌鲁木齐广通实业发展有限公司,乌鲁木齐市北京南路269号,Independent
新疆,乌鲁木齐,乌鲁木齐车之驿汽车服务有限公司,乌鲁木齐市新医路794号,CTCC
新疆,乌鲁木齐,乌鲁木齐广通实业发展有限公司广轮汽车服务分公司,乌鲁木齐苏州西街235号,Independent
新疆,乌鲁木齐,乌鲁木齐市新市区路友轮胎经销部,乌鲁木齐市新医路324号,Others
新疆,乌鲁木齐,沙湾县三道河子镇众兴汽配部,,Independent
新疆,乌鲁木齐,乌鲁木齐市水磨沟区鑫汇通汽车用品经销部,,Independent
新疆,乌鲁木齐,沙依巴克区天卓汽车用品商行,,Independent
新疆,乌鲁木齐,乌鲁木齐高新技术产业开发区翼龙达轮胎批发商行,,Independent
新疆,乌鲁木齐,乌鲁木齐市卓成万隆商贸有限公司,,CSS
新疆,乌鲁木齐,乌鲁木齐市新市区志杰汽车用品服务部,,Others
新疆,乌鲁木齐,飞翼天成汽车用品服务部,,Independent
新疆,乌鲁木齐,乌鲁木齐强斌汽车轮胎装潢部,,Others
新疆,伊犁,奎屯豫新商贸有限公司,奎屯市库尔勒西路20号,Independent
新疆,伊犁,伊宁市耐克森轮胎店,伊宁市解放西路305号,Independent
新疆,伊犁,尼勒克县玺科轮胎商行,尼勒克县幸福路47号,Others
新疆,伊犁,巩留县胖子轮胎销售服务中心,,Others
新疆,伊犁,霍尔果斯口岸陈刚轮胎大世界,霍尔果斯口岸农四师电力公司对面,CTCC
新疆,伊犁,霍城县安有轮胎超市,,Others
新疆,伊犁,霍城广顺轮胎服务中心,,Others
新疆,伊犁,新源县恒达商贸有限公司,,Others
新疆,伊犁,特克斯县小惠轮胎总汇,,Independent
新疆,伊犁,察布查尔锡伯自治县玛吉斯,,CSS
新疆,克拉玛依,克拉玛依天乐轮胎总汇,克拉玛依市阿山路东驰机电市场 15－1－2号,Independent
新疆,克拉玛依,博乐市韩泰轮胎店,博乐市团结路,Independent
新疆,克拉玛依,博乐市广通轮胎销售有限公司,博乐市北京路322号,Independent
新疆,吐鲁番,鄯善县城区金博轮胎商行,,Others
新疆,和田,和田横滨轮胎专营有限公司,,Others
新疆,哈密,哈密鑫轮物资有限责任公司,,Independent
新疆,塔城,塔城市车仆汽车装潢用品总汇,塔城市伊宁路,Others
新疆,塔城,额敏县百信汽车轮胎服务中心,,Independent
新疆,塔城,塔城市鑫顺通轮胎服务中心,,Independent
新疆,昌吉,昌吉市鑫源轮胎销售中心,昌吉市建国西路75号小区（大江和谐苑门面）,Independent
新疆,昌吉,奇台县汇众汽车维修服务中心,奇台县乌奇公路糖厂加油站院内,Independent
新疆,昌吉,玛纳斯县固特异轮胎销售部,,Independent
新疆,昌吉,阜康市东旭豪华汽车,,Independent
新疆,石河子,石河子豪运轮胎汽车装潢部,,CTCC
新疆,石河子,石河子市亿友汽车配件商行,,Others
新疆,阿克苏,阿克苏市新兴轮胎经销部,,Others
新疆,阿勒泰,北屯爱车汽车服务中心,北屯市阿福路万方楼9号,CTCC
新疆,阿勒泰,奎屯陆安轮胎服务部 ,,Others
新疆,阿勒泰,阿勒泰市鑫盛轮胎商行,,Independent
新疆,阿勒泰,福海县车世界轮胎修理部,,Others
新疆,阿勒泰,平安轮胎修理部,,Others
甘肃,兰州,兰州银河汽车服务有限公司,兰州市城关区雁西路8号（雁滩宾馆对面）,Independent
甘肃,兰州,兰州德普轮胎有限公司,兰州市城关区麦积山路电信辅管一楼,CPC
甘肃,兰州,西固城帅超汽车服务中心,兰州市西固区合水北路131号,CTCC
甘肃,兰州,兰州众泰汽车服务中心,兰州市城关区北滨河中路964号,Independent
甘肃,兰州,东岗东路翔云轮胎经销部,兰州市城关区东岗东路,Others
甘肃,兰州,西峰区金顺通汽车轮胎经销部,庆阳市西峰桐树街回民小学隔壁,Independent
甘肃,兰州,榆中恒盛轮胎经营行,榆中县西云北路交警队向南200米,Others
甘肃,天水,秦州区万通轮胎总汇,天水市秦州区新华路万通轮胎总汇（盛源小区对面）,CSS
甘肃,天水,麦积区兴陇路腾达轮胎销售部,天水市麦积区桥南商场兴旺楼（加油站往东50米）,Independent
甘肃,定西,临洮佳通轮胎经营部,临洮县北五里铺（华信苑售楼对面）,Others
甘肃,定西,定西市华德汽车维修服务有限责任公司,定西市南川开发区飞天路斜对面,Independent
甘肃,张掖,张掖市金山热旺商贸有限公司,张掖市北环路吴江综合楼下（润泉湖公园向西200米）,CTCC
甘肃,新城区,甘肃区新城区诚信横滨轮胎经销部,酒泉市阳关路2号楼8号门店,Independent
甘肃,武威,武威市凉州区天庆轮胎销售中心,武威市南关西路市中级人民法院向东100米0,CSS
甘肃,甘南,合作市学刚小型汽车维修部,甘肃省合作市乡镇企业局楼下,Others
甘肃,白银,景泰县金达汽车用品经销部,景泰县金达宾馆一楼,CTCC
甘肃,白银,靖远大众修配中心,靖远县城东滩金三角（二七九路口向西500米处）109国道边,Independent
甘肃,白银,白银市平川区乐雅路福来汽车服务部,平川区乐雅路高速路口,CSS+
甘肃,酒泉,敦煌市七里镇固铂轮胎,敦煌七里镇二号路口鑫棉油脂厂（粉色楼下）,CPC
甘肃,酒泉,瓜州县上好佳轮胎销售中心,南关加油站斜对面（修理市场）,Others
甘肃,酒泉,酒泉市锦龙汽配经营部,酒泉市雄关路8号,Others
甘肃,酒泉,酒泉东洋轮胎店,,Others
甘肃,金昌,桂林路金鑫轮胎经销部,金昌市兴顺家园3-102（区法院斜对面；电玩城旁）,Independent
西藏,,自力轮胎修理部,,CTCC
贵州,六盘水,捷亮汽车美容装饰,,Independent
贵州,毕节,纳雍县矿业公司轮胎经营部,,Independent
贵州,贵阳,贵州鑫诚源商贸有限公司,,CSS+
贵州,贵阳,清镇市金鑫轮胎经营部,,Independent
贵州,贵阳,六盘水市遵城汽配,,Independent
贵州,贵阳,贵阳市花溪区顺发汽车服务中心,,Independent
贵州,贵阳,贵阳鑫诚源商贸公司贵阳店,,Independent
贵州,遵义,遵义固佳汽车用品有限公司,遵义市大连路86号,Independent
贵州,遵义,遵义祥生洗马路店,,Others
重庆,重庆,重庆南山轮胎服务中心,重庆市南山二外旁,CTCC
重庆,重庆,南岸区长生桥镇豪迈轮胎经营部,南岸区长生桥长生路世纪花园附88号附5号门市,Independent
重庆,重庆,万辉汽车修理,重庆界石镇,Others
重庆,重庆,天琥汽车服务中心,重庆九龙园区盘龙大道云湖路1-1-7号,CTCC
重庆,重庆,重庆市永川区蓬勃轮胎经营部,重庆市永川区蚂蝗桥二财校对面,CTCC
重庆,重庆,陈建,重庆市璧山县帝景花园旁（金冠特种车辆厂左侧）,Others
重庆,重庆,武胜县沿口胜勇轮胎经营部,武胜县沿口石桥铺,Others
重庆,重庆,江北区驰骋轮胎经营部,江北区洋河中路北部汽配市场外门面23号,CSS+
重庆,重庆,重庆市渝中区胡林汽车配件销售部,渝中区大坪医学院路28-9号,CSS+
重庆,重庆,万容先,重庆马王乡轻轨车站旁,Others
重庆,重庆,顾太碧,重庆市大足县龙水镇幸光大道118号,CSS
重庆,重庆,荣昌县昌州街轮胎轮汇汽车服务部,重庆市荣昌县鼎盛海棠昌州中段162号1号楼9，10门面,Others
重庆,重庆,涪陵玉王轮胎服务中心,重庆市涪陵区四环路盐业公司对面（中国网通旁）,Independent
重庆,重庆,忠县陈二轮胎销售修理部,重庆市忠县忠州镇白公路22号附12号,CTCC
重庆,重庆,綦江轮胎大世界,重庆市綦江县古兰镇文龙街道开发区白龙花园,CTCC
重庆,重庆,重庆运鸿汽车美容服务有限公司,重庆市渝北区洋河北路69号（黄泥磅流星花园旁）,Independent
重庆,重庆,渝中区顺吉汽车配件经营部,重庆市渝中区石油路2号,Others
重庆,重庆,重庆市沙坝区锋创轮胎经营部,重庆市沙坪坝区都市花园农贸市场旁,CTCC
重庆,重庆,重庆市黔江区渝黔轮胎城,黔江区百家湾加油站对面,CSS+
重庆,重庆,重庆顺锦来商贸有限公司,重庆市九龙坡区毛线沟电信局对面,CSS+
重庆,重庆,重庆任友轮胎有限公司,重庆市南岸区渝能都市经典附2-9号,Others
重庆,重庆,重庆市渝北区泰普汽车轮胎经营部,重庆市新牌坊人和天地步行街36号（人事局并排）,Others
重庆,重庆,重庆市沙坪坝区佳佳橡胶制品经营部,重庆市沙坪坝区井口远祖桥经济园95号,Others
重庆,重庆,高新技术产业开发区渝成轮胎经营部,重庆高新区兰美路722号5F-2,Independent
重庆,重庆,江北区福安康轮胎经营部,重庆市江北区松石大道509号附60号,Independent
重庆,重庆,景通汽修,重庆市江北区松石支路53号,Independent
重庆,重庆,高新技术产业开发区四强汽车配件经营部,重庆市老顶坡,Others
重庆,重庆,龚存国,重庆市巫山县,Independent
重庆,重庆,谭昌生商业,,Others
重庆,重庆,南岸区杨清秀汽车轮胎经营部,,Others
重庆,重庆,重庆市南岸区佳驰轮胎服务部,,Independent
重庆,重庆,重庆市横滨汽车维修中心,重庆市江北区,CTCC
重庆,重庆,重庆市人本汽车技术服务有限公司,重庆市袁家岗众科大厦162号,CSS+
重庆,重庆,重庆车奥林汽车服务中心,,Others
重庆,重庆,蔡跃国,,Independent
重庆,重庆,李成江,,Others
重庆,重庆,冉瑞洪,,Others
重庆,重庆,洪才俊,,Others
重庆,重庆,合川区鑫鸿轮胎经营部,合川区涪江二桥,Independent
重庆,重庆,殷小建,,Others
重庆,重庆,邹亮,渝北区龙溪街道（平安大道1200号巴蜀丽景颐景楼裙楼）,Others
重庆,重庆,江津区几江滨江路张学云轮胎经营部,江津区几江滨江路临江广场1-4门市,Independent
重庆,重庆,酉阳县中原一站汽车用品服务中心,城南母猪洞桥头向北100米,Independent
陕西,咸阳,泰克国际中国咸阳技术橡胶轮胎服务中心,咸阳陈杨寨,CSS+
陕西,咸阳,邓禄普轮胎三原销售部,三原县南环路西段,Independent
陕西,商洛,小冯轮胎批发商行,商南东港,Others
陕西,商洛,山阳县时代汽修厂,山阳县城过境路,Independent
陕西,商洛,商洛市商州区南门口顺达轮胎经销部,商洛市商州区南门口,Independent
陕西,商洛,洛南县专业火补修理部,洛南县城,Others
陕西,安康,汉滨区传华轮胎销售部,安康市育才西路,Others
陕西,安康,镇安县学志轮胎行,镇安县,Independent
陕西,宝鸡,宝鸡市陈仓区虢镇利民综合修理部,虢镇,Others
陕西,宝鸡,镇东轮胎维修部,周至东关,Others
陕西,宝鸡,眉县玄豹四轮定位服务部,眉县县城,Others
陕西,宝鸡,海刚汽车用品轮胎销售行,凤翔豆腐村,Independent
陕西,宝鸡,岐山县鑫达轮胎汽车服务部,岐山县城,Independent
陕西,宝鸡,扶风县坤园汽车配件商行,扶风县城,Others
陕西,延安,延安天顺达轮胎经销商行,,Others
陕西,榆林,府谷县永胜轮胎总汇,府谷县,Others
陕西,榆林,飞龙轮胎服务部,靖边县,Independent
陕西,榆林,定边县万大轮胎经销部,定边县,Independent
陕西,榆林,榆林市天盛商贸有限责任公司,,Independent
陕西,渭南,临渭区清江双驼轮胎经销部,西潼路,Others
陕西,渭南,华阴市华兴轮胎,西潼高速公路华阴出口,Others
陕西,渭南,潼关县招商常文补胎部,潼关开发区,Independent
陕西,渭南,华县精华汽配轮胎经销部,华县绿地小区门面房,Independent
陕西,渭南,韩城市忠孝汽车工贸有限责任公司,韩城市巍山路与乔南路十字,Others
陕西,渭南,合阳县金水路孙太仓修理部,合阳县金水路,Others
陕西,渭南,澄城补胎大全,澄城西环八路,Others
陕西,渭南,蒲城县王亮汽车用品服务部,蒲城县城,CTCC
陕西,蔡家坡,蔡家坡永久轮胎大全,,Independent
陕西,西安,西安市莲湖区三文轮胎服务部,永新路,Independent
陕西,西安,西安市碑林区得森汽配装潢服务部,环城东路,Others
陕西,西安,西安市未央区西秦汽配服务部,文景路,Others
陕西,西安,西安市未央区兰鹰轮胎经销处,明光路,Independent
陕西,西安,西安市莲湖区亿铭汽车用品经销部,纬二十六街,Others
陕西,西安,西安市新城区御风轮胎店,永乐路,Others
陕西,西安,西安市碑林区恒力汽车服务部,韩森路,Others
陕西,西安,西安市雁塔区好骑轮胎修理部,翠华路,Independent
陕西,西安,长安区高峰轮胎经销部,长安区,Others
陕西,西安,西安市临潼区长虹汽车配件门市部,临潼区,CTCC
陕西,西安,蓝田县飞驶轮胎修理部,蓝田县长坪路,Others
陕西,西安,西安百世霸汽车技术服务部,丰庆路,Independent
陕西,西安,西安市莲湖区玉安汽车轮胎修理部,丰登路,Independent
陕西,西安,西安市莲湖区小乔汽车美容服务部,桃园路,Others
陕西,西安,西安乘洋商贸有限公司,劳动路,Others
陕西,西安,西安市雁塔区天元汽车用品服务部,丈八路,Independent
陕西,西安,西安市莲湖区新北方汽配部,玉祥门海纳汽配市场,Independent
陕西,西安,西安万晟行轮胎有限责任公司,朱雀路北段,CSS
陕西,西安,西安市新城区海韩轮胎服务部,幸福中路,CPC
陕西,西安,西安市莲湖区玉祥轮胎经销部,大明国际汽配城A5排1-3号,Others
陕西,西安,西安市双生圣达汽配经销中心,三桥汽配城16排19-20,Independent
陕西,西安,西安市碑林区联丰轮胎修理部,友谊东路,Independent
陕西,西安,西安市碑林区司其特汽车服务部,,Others
陕西,西安,西安市碑林区顺达汽车用品服务部,,CTCC
陕西,西安,西安行车港湾汽车服务行,,CSS
陕西,西安,西安市莲湖区驰达汽配经销部,,Independent
陕西,西安,西安裕盛达汽车服务有限责任公司,,CTCC
陕西,西安,陕西惠利汽车服务有限公司,,Independent
陕西,西安,西安天海汽车用品有限公司,,Independent
陕西,西安,欣达汽修,,CSS
陕西,铜川,铜川万达四轮定位,,Others
陕西,铜川,铜川市王益区普利司通轮胎修理部,,Independent
陕西,延安,佳通轮胎洛川经销处,,Independent
陕西,延安,宝塔区信腾轮胎商行,,Independent
陕西,西安,高陵县车相随汽车轮胎经销部,,Independent
青海,海东,民和春盛给胎店,,Others
青海,海东,正新轮胎乐都销售部,,CPC
青海,海南,同德县黄河补胎店,,Independent
青海,海西,格尔木海林轮胎经销部,,Others
青海,海西,格尔木三源轮胎销售部,,Others
青海,西宁,西宁城东景程轮胎经营部,西宁市祁连路187号,Independent
青海,西宁,西宁城西路宝汽车装饰经营部,,Others
青海,西宁,西宁城北欣易经营部,,Others
青海,西宁,西宁市城中区亿丰轮胎销售部,,Others
青海,西宁,西宁城西顺有轮胎修配部,,Others
四川,自贡,自贡车立方,,Others
上海,上海,上海市闵行区广晖轮胎商行,上海市闵行区虹莘路5幢105号,Independent
北京,北京,胎知道泰克轮胎修理星级店,北京通州区临河里地铁站向西南300米,Independent
北京,北京,北京创兴轮胎修理部,北京通州区张家湾镇石化加油站向南300米,Independent
北京,北京,北京华达汽车服务公司,北京市朝阳区来广营东路望京检测厂西200米路南,Independent
湖南,常德,武陵源区深度汽车养护服务中心,常德,Independent
湖北,神农架,神龙架轮胎总汇,神龙大道22号,CSS+
湖北,襄樊,襄阳远程达轮胎销售服务中心,襄阳市春园东路清河二桥头,CTCC
湖北,宜昌,宜昌万发轮胎经营部,宜昌万发,CTCC
湖北,十堰,十堰市永发汽车装饰用品总汇,十堰市湖南路22号,Independent
湖北,,枝江市爱车E族,枝江市沿江大道,Others
湖北,,公安县成全汽修,公安县油江路,Independent
江苏,常州,常州小俞汽车美容装饰,,Independent
江苏,无锡,无锡江阳轮胎有限公司,,Independent
浙江,温州,温州市瑞安马屿顺风轮胎店,,Others
湖北,十堰,宜城万力轮胎店,振兴路,CSS+
湖北,武汉,武汉市江岸区华文轮胎汽车美容会所,汉口江岸区游湖,Independent
湖北,武汉,武汉市武泰闸汉江汽车轮胎服务中心,武汉市武昌区武泰闸,Independent
湖北,武汉,武汉市东西湖正达轮胎经营部,武汉市东西湖三秀路团结小区732号,Independent
内蒙古,乌兰察布,丰镇鸿运轮胎服务中心,丰镇市,Independent
内蒙古,乌海,乌海市海勃湾区金轮轮胎销售部,乌海市海勃湾区海拉路,Independent
内蒙古,包头,包头市达茂旗百灵庙镇三子轮胎超市,达茂旗百灵庙镇,Independent
内蒙古,呼和浩特,呼市新城区爱信会友轮胎维修服务部,呼市新城区赛罕路,Independent
内蒙古,呼和浩特,武川县苏乞儿汽车配件部,武川县,Independent
内蒙古,鄂尔多斯,鄂尔多斯市东胜区景宏泰商贸有限责任公司,鄂尔多斯市包府路,Independent
内蒙古,锡林郭勒,苏尼特左旗普利司通轮胎经销部,东苏旗,Independent
内蒙古,锡林郭勒,阿巴嘎鹏远四轮定位中心,阿巴嘎旗,CTCC
重庆,重庆,梁平县华宁轮胎经营部,梁平县机场路中心车站出口对面,Independent
山西,运城,河津市吕基地一路行汽车养护中心 - SUV专营店,河津铝厂12路西段,Others
山西,晋城,沁水县端氏镇王广轮胎润滑油经销部 - SUV专营店,沁水县端氏镇东门外,Others
山西,运城,侯马经济开发区道驰轮胎经销部 - SUV专营店,侯马市新田路76号,Others
山西,大同,应县尚军轮胎服务中心 - SUV专营店,应县山路汽车站西,Others
山西,晋中,祁县正新轮胎服务部 - SUV专营店,祁县迎宾东路（火车站东一公里路北）,Others
山西,太原,太原市万柏林区昌世通轮胎经销部,太原市万柏林区漪汾街漪兴路,Independent
山西,太原,太原市迎泽区兴盛隆轮胎服务中心,太原市建设南路南内环东口（路东往北10米）,Independent
河北,石家庄,石家庄市长安区雨田轮胎销售部,石家庄市跃进路与东二环交叉口西行200米路南,Independent
北京,北京,北京永鑫轮胎销售中心,北京市海淀区清河小营东方美都汽配城2区74号,Independent
山西,运城,运城市经济技术开发区平安轮胎店,运城市盐湖区禹西路口（老车检中心向东50米）,CTCC
陕西,西安,西安卓松商贸有限公司,,CTCC
广西,南宁,南宁李英明,,Others
山东,烟台,烟台洪博轮胎,,Independent
辽宁,沈阳,沈阳铁西区兄弟轮胎经销处,,Independent
辽宁,辽阳,辽阳太子河区车师傅汽车服务中心,,Independent
辽宁,锦州,锦州经济技术开发区强强汽车配件商店,,Independent
辽宁,鞍山,海城市牛庄镇兴盛胶车修理部,,Independent
辽宁,铁岭,调兵山市振兴轮胎商行,,Independent
辽宁,葫芦岛,盘锦牛轮胎店,,CSS
辽宁,沈阳,盘锦市双台子区鹏程轮胎经销店,,Independent
辽宁,锦州,大洼县车帮汽车服务广场,,Independent
辽宁,盘锦,沈阳市皇姑区宏浩东轮胎经销部 - SUV专营店,,Others
辽宁,沈阳,沈阳市于洪区强盛鑫轮胎商行,,Independent
辽宁,丹东,沈阳市皇姑区安驰汽车美容服务部,,Independent
陕西,西安,西安星源汽修,,Independent
湖北,洪湖,洪湖市个体工商户张振帮,,Independent
湖北,通城,通城县个体工商户刘刚,,Independent
辽宁,阜新,阜新蒙古族自治县新跃达轮胎经销店,,Independent
辽宁,营口,盖州新车友轮胎店,,Independent
辽宁,鞍山,海城兴业轮胎销售有限公司,,Independent
辽宁,沈阳,沈阳市沈河区大地汽车装饰部,,Independent
辽宁,鞍山,鞍山力炟轮胎精修行,,CSS+
山西,晋中,平遥县龙龙轮胎行 - SUV专营店,,Others
山东,青岛,青岛玛克屋,,Independent
山东,潍坊,潍坊高新区博世运通轮胎超市,,Independent
山东,潍坊,烟台大大商贸有限公司,,Independent
山东,烟台,招远市招城远程轮胎维修店,,Independent
山东,淄博,淄博华隆有限公司,,Independent
山东,淄博,张店鑫香汽车用品商行,,CSS+
山东,济宁,邹城市大地通胶补门市部,,CTCC
山东,滨州,惠民轮胎大全,惠民东关转盘向南150米路西,CSS+
山东,烟台,烟台桃村顺达轮胎有限公司,桃村振兴路73号,Independent
山东,菏泽,菏泽市牡丹区佳通轮胎经销处,菏泽市永丰路77号,Independent
山东,菏泽,郓城县一帆轮胎专营店,郓城县圣达大酒店南100米路西,CSS+
浙江,宁波,象山宝德汽车美容服务部,,CTCC
浙江,绍兴,富阳大源乐驰汽车服务部,杭州富阳大源镇过境线（亭山饭店旁）,Independent
浙江,绍兴,绍兴袍江天使汽车装潢修理店,绍兴市袍江新区育贤路238号,Independent
江西,鹰潭,瑞昌市平安轮胎物资有限公司,,Independent
浙江,台州,温岭市太平京东轮胎经营部,,Independent
浙江,温州,温州平阳呈祥轮胎店,平阳县人民路282-284号,CTCC
浙江,温州,永嘉瓯北鑫光轮业,,CTCC
安徽,,和县集力轮胎服务中心,安徽省马鞍山市和县文昌路历阳佳苑,CTCC
安徽,,安徽美新汽车服务有限公司,,Independent
安徽,,界首市新越阳洗车装饰装潢服务部,安徽省界首市新阳中路,CSS
安徽,,东至县平安小汽车修理厂 - SUV专营店,,Others
安徽,,成林美容中心 - SUV专营店,,Others
湖南,常德,石门县中孚汽车护理轮胎商行,石门县财政局门面,Independent
湖南,常德,安乡县轮胎世界,安乡县南圆盘加油站旁,Independent
湖南,常德,常德德强汽车服务中心,常德市德山常龙加油站旁,Independent
湖南,常德,常德市玛吉斯汽车服务中心,常德市洞庭大道595号,Independent
湖南,常德,常德市正新轮胎经营部,常德市火车站农机大市场3348号,Independent
辽宁,沈阳,沈阳市沈河区鑫安驰汽车轮胎服务中心,,Independent
辽宁,沈阳,车空间快捷服务店,,Independent
辽宁,沈阳,沈阳经济技术开发区鑫顺驰汽车轮胎服务中心,,Independent
吉林,长春,长春市杰伦经贸,,Independent
吉林,长春,长春市鑫泽轮胎,,Independent
吉林,白山,白山浑江聚程轮胎商行,,Independent
吉林,,乌兰浩特市韩盛轮胎行,,Independent
吉林,长春,长春张亮汽修,,Independent
吉林,辽源,东丰县丰源汽车修配厂,,Independent
内蒙古,包头,包头市东河区文光轮胎销售部,包头市东河区巴彦塔拉大街,Independent
内蒙古,阿拉善,阿拉善左旗巴彦浩特镇新浩特安驰达汽车用品中心,阿拉善左旗巴彦浩特镇南环路二水源,Independent
内蒙古,巴彦淖尔,巴彦淖尔市五原县远征轿车维修服务站,巴彦淖尔五原县红旗路,Independent
内蒙古,包头,包头市东河区吉祥轮胎服务部,包头市东河区西河路,Independent
北京,北京,北京东海亨旭商贸有限公司,北京市朝阳区王四营胜华汽配城西100米2层,Independent
北京,北京,北京树豹达汽车配件销售部,北京市顺义区南法信汽配城D区10号,Independent
北京,北京,北京会通汽车服务中心,北京市朝阳区城环城汽配城,Independent
北京,北京,北京美盛伦汽车装饰服务部,北京市朝阳区十八里店北桥汽配城西区7号,Independent
北京,北京,北京花乡梁爽轮胎经营部,北京市花乡汽配城10区15号,Independent
北京,北京,北京通城航宇商贸有限公司,北京市密云县季庄小区53号楼1段4号,Independent
北京,北京,北京燕丹贺童鸿业润滑油销售中心,北京市昌平区燕丹汽配城中区19号,Independent
北京,北京,北京鑫泰安翔轮胎经营部,北京市石景山区古城西路国际汽车园区门市20号,Independent
北京,北京,北京望京好运通轮胎有限公司,北京市朝阳区京顺路25号,Independent
北京,北京,北京昌润鑫恒太汽配有限公司第一分公司,北京市朝阳区朝阳北路黄彬店路口加油站,Independent
北京,北京,北京清源中水汽车服务有限公司,,Independent
北京,北京,北京昌事兴汽车配件有限公司,北京市海淀区昆明湖南路51号西郊汽配城31号,Independent
北京,北京,北京安泰润汽车配件销售中心,北京市海淀区昆明湖南路51号西郊汽配城59号,CPC
北京,北京,北京玉安隆汽车配件销售中心,北京市延庆县延庆镇京采路北口200米路东,Independent
北京,北京,北京昕泰尔汽车轮胎有限公司,北京市朝阳区香江北路2号,Independent
北京,北京,北京市顺义区张喜庄连波汽车轮胎维修部,北京市顺义区张喜庄皮革厂前,Independent
北京,北京,北京市汇友汽车修理厂,北京市丰台区菜户营东街甲173号,Independent
北京,北京,北京泽金行商贸有限公司,北京市丰台区丰台镇岳各庄村双河路1排1号,Independent
北京,北京,北京知春畅通汽车配件经营部,北京市海淀区知春路76号,CSS+
北京,北京,北京市朋安汽车服务有限公司,北京市西城区西什库大街31号,Independent
北京,北京,北京远程轮胎服务中心,北京市丰台区分钟寺197号,Independent
河北,唐山,滦南县益发轿车轮胎经销店,滦南县北环路,Independent
河北,唐山,迁西县城关春龙轮胎超市,迁西县渔丰街94号,CSS+
河北,秦皇岛,秦皇岛市海港区瑞伯通轮胎经销部,秦皇岛市海港区北二环路390号,Independent
河南,周口,普利斯通轮胎个体户李新旗,,Independent
河南,洛阳,洛阳路普汽车销售服务有限公司,洛阳市环城北路3号（机床厂斜对面）,Independent
河南,焦作,鑫达轿车配件部（武小伟）,焦作市修武县七贤镇（二水泥厂）,CSS+
河南,信阳,信阳市平桥区龟博士汽车美容装饰中心,信阳市平桥世纪广场东石化加油站隔壁,CSS+
河南,郑州,郑州中汽配大世界贵锋汽车轮胎商行,郑州市汽配大世界7排南1号,Independent
河南,郑州,许昌市魏都区吉祥轮胎销售部,许昌市文峰路,Independent
河南,郑州,泰克补胎,信阳市新县新审批中心对面,Independent
河南,郑州,淅川县个体工商户李平,淅川县党校,Independent
河南,郑州,泌阳县修理门市（樊群成）,泌阳县花园路108号,Independent
河南,郑州,信阳市羊山新区鼎盛轮胎用品商行 ,信阳市南京路,Independent
河南,郑州,内乡北关轮胎修理,内乡高杆灯北500米,Independent
河南,郑州,汽车装饰店（孙晓燕）,舞阳银鸽纸厂对面,Independent
河南,郑州,郑州市金水区宏泰汽车用品服务中心,农业路东明路交叉口相北200米,Independent
河南,洛阳,洛阳市涧西区展宏轮胎商行,,Others
河南,洛阳,洛阳兴华轮胎修理部,,Others
河南,郑州,老二机动车维修部,,Others
河南,焦作,焦作市宽裕商贸有限公司,,Independent
河南,洛阳,新安县新城国鑫轮胎专营专修店,,Independent
河南,许昌,禹州市韩泰轮胎服务中心,,CTCC
河南,平顶山,湛河区老陈轮胎修理部,,Others
河南,南阳,小武修胎行,,Others
河南,驻马店,罗山县领跑汽车服务连锁机构,,Independent
河南,信阳,商城轮胎总汇,,Others
河南,周口,佳通轮胎,,Independent
河南,郑州,郑州市中原区友领轮胎电瓶行,,Independent
河南,焦作,郑州车之家轮胎服务行,,Independent
北京,北京,北京子牙轮胎有限公司,北京市 丰台区草桥汇丰汽配城1厅2-4号,Independent
北京,北京,北京京沪宏翔汽车配件经营部,北京市海淀区西郊汽配城专项街40号,Independent
北京,北京,北京众信成吉汽车配件销售中心,北京市五方天雅汽配城西八区86号,Independent
北京,北京,北京奥泰力汽车服务中心,北京市朝阳区南三里屯13号,Others
北京,北京,燕北汽修服务中心,北京市朝阳区小营路育慧西里18号楼,Others
北京,北京,北京市北方惠通轮胎商行,北京市丰台区花乡汽配城10区6、7、8号,Others
广西,平南,平南县刘家寨汽车维修中心,城东汽车站往47米街右边100米,Independent
广西,南宁,南宁市雷臣氏汽车美容有限公司,南宁市滨湖路30号琅西5组,Independent
广西,南宁,桂林市飞翔汽车服务有限公司,桂林市毅峰东路,Independent
广东,深圳,深圳信兴轮胎店,,Independent
广东,深圳,深圳顺兴盈轮胎店,,CSS
广东,,广州市再丽汽车维修中心,芳村大道西桥东校区,CSS
广东,,广州市花都区强记轮胎店,,Others
广东,广州,广州市联盟汽车服务有限公司,广源湛隆汽配广场Ａ区４０１档 ,Independent
广东,清远,清新县太和镇永廉轮胎店,广东省清远市清新县,Independent
广东,广州,广州市增城林兴汽车轮胎维修部,开园中路56,Independent
广东,深圳,深圳市龙岗区鑫顺兴轮胎商行,深圳龙岗区南联植物路365,Independent
广东,深圳,深圳市罗湖区华怡汽车轮胎店,罗湖区清水河共发达货运站,Independent
广东,深圳,深圳市宝安区沙井长发轮胎店,深圳宝安区沙井沙头村第二工业区177号,Independent
福建,莆田,建阳兴达轮胎行,,Independent
福建,莆田,莆田市湄洲湾北岸经济开发区忠门日兴轮胎商行,,Independent
福建,莆田,福清市渔溪仕杰轮胎修补店,,CTCC
海南,海口,海口琼山铧顺汽车服务中心,海口琼州大道82号,Others
海南,海口,海口龙华永信兴汽车用品公司,海口市华海路19号商铺,Independent
新疆,乌鲁木齐,新市区太原路车翼之家轮胎店,,Independent
新疆,乌鲁木齐,乌鲁木齐天力正宝商贸有限责任公司,,Independent
新疆,乌鲁木齐,新市区新医路彩虹舞汽车轮毂商行,,Independent
新疆,乌鲁木齐,呼图壁县汇丰汽配部,,Independent
新疆,乌鲁木齐,哈密市前进西路金鸿轮胎总汇,,Independent
新疆,乌鲁木齐,巴里坤城镇联鑫汽车轮胎润滑油经销总汇 - SUV专营店,,Others
新疆,乌鲁木齐,吐鲁番地区飞腾商贸有限责任公司 - SUV专营店,,Others
新疆,乌鲁木齐,轮台县广通轮胎商贸有限责任公司,,Independent
新疆,乌鲁木齐,奇台县赛达汽车维修中心,,Independent
新疆,乌鲁木齐,乌鲁木齐鑫广通源汽车维修服务有限公司,,Others
新疆,乌鲁木齐,乌鲁木齐车之驿汽车服务有限公司一分公司,,Independent
云南,昆明,禄劝屏山镇南新轮胎经营部,昆明市禄劝县城南街50号,Independent
云南,昆明,昆明金玉轮胎经营部,昆明是昌源中路西秀园19号,Independent
云南,红河,蒙自和润轮胎经营部,蒙自护国路中段10号,Independent
云南,大理,大理行者轮胎行,大理市苍山东路353号,CSS+
云南,曲靖,会泽县旺发轮胎经营部,,Independent
云南,曲靖,陆良吉星轮胎经营部,,Independent
云南,思茅,景谷驰强轮胎经营部,,Independent
云南,思茅,宁洱县锦颢轮胎行,,Independent
云南,大理,大理信德轮胎经营部,,Independent
山西,太原,保德县计彪轮胎经销部,保德县前湾路口,Independent
山西,大同,大同市城区志欣汽车配件经销部,大同市迎宾路,Independent
山西,临汾,红运轮胎经销部,曲沃县城段大运路东,Others
山西,长治,长治段少波 - SUV专营店,,Others
山西,朔州,怀仁县顺驰轮胎经销部,朔州市怀仁县,Independent
山西,大同,长治市城区斌盛轮胎服务中心 - SUV专营店,长治市淮海厂加油站斜对面,Others
山西,大同,大同市城区极速汽车轮胎配件行,大同市迎宾街,Independent
山西,大同,大同市开发区驰佳轮胎服务中心 - SUV专营店,大同市魏都大道浩海酒店往南500米,Others
山西,大同,大同市南郊区宏军轮胎经销部 - SUV专营店,大同市208国道马站段,Others
山西,大同,大同市浑源县喜来轮胎行 - SUV专营店,浑源县迎宾路老菜市场对面,Others
甘肃,嘉峪关,嘉峪关市殷红,,Independent
青海,西宁,民和补胎电气焊   ,青海省西宁市海西州天峻县,Independent
青海,西宁,青海省西宁市城东区固特异轮胎 ,青海省西宁市城东区,Independent
陕西,,陇县通达汽配汽修部,陇县兴林公司后门,CSS
陕西,西安,西安市雁塔区惠利轮胎修配服务部,,Independent
陕西,西安,西安市未央区宁航轮胎商店,文景路,Independent
陕西,,陕西松润工贸有限公司,南二环白庙村,Independent
陕西,西安,西安市雁塔区翔辉车行,朱雀大街南段,Independent
陕西,宝鸡,包金市金台区豪驰轮胎销售中心,西宝高速延伸段,Independent
贵州,安顺,安顺百利轮胎,,CSS+
贵州,遵义,遵义祥生贸易有限公司大连路店,,Independent
重庆,重庆,坤荣轮胎经营部,重庆市江北区供电局正对面碧云花园17-18号,Independent
重庆,重庆,彭水县海昊汽车装饰中心,重庆市彭水县渔塘街福利院旁,Independent
重庆,重庆,南岸区科贸汽车美容服务中心,南坪南星路5号,CTCC
重庆,重庆,重庆市南岸区旺利轮胎经营部,南岸区南坪中学后门,Independent
重庆,重庆,顺达服务中心,鱼胡路一城龙洲2，3号门市,Independent
广东,深圳,深圳市永隆行汽车服务有限公司,深圳市龙岗区龙翔大道663号,CTCC
广东,广州,广州万轮汇贸易有限公司,广州市白云区黄边南路268号,Independent
四川,成都,都江堰康二师轮胎经营部,都江堰市青城路295号,Others
四川,成都,华阳欣隆佳益汽车美容装饰行,华阳大道四段199号（油建苑对面）,Others
四川,成都,王老大轮胎经营部,,Others
福建,福州,福清市金星车本家贸易有限公司,福清市融侨经济技术开发区福厦路桥南,Others
安徽,,定远县洁安特轿车轮胎替换中心,定远合蚌路,CTCC
湖南,,安乡正新轮胎,,Others
湖南,,盛唐车务,,Others
湖南,,美车饰汽车服务中心,,Others
广西,百色,田阳县顺通轮胎店,城东小广场对面38号,Independent
江苏,徐州,徐州鼓楼区车邦一站式服务中心,,CTCC
山东,,费县刘庄车辆修理,,Independent
山西,太原,太原市昌风轮胎商行 - SUV专营店,太原市学府街滨河花园底商,Others
山西,太原,太原市舒心轮胎有限公司 - SUV专营店,太原市西矿街,Others
山西,太原,太原市万柏林区鑫达轮胎店 - SUV专营店,太原市迎泽西大街奥林匹克花园6-19店,Others
辽宁,辽阳,辽阳市白塔区鑫汇丰汽车装饰服务中心,辽阳市白塔区轻工街（惠民小区对面）,Independent
辽宁,,辽中一修汽修,辽中县交通队南200米,Independent
浙江,湖州,德清县城关成飞汽配店,,CTCC
浙江,台州,天台松华补胎店,,CTCC
浙江,宁波,宁波市江北二建汽车服务站,,CSS+
青海,,兰州红古国力轮胎经销部,红古区虎头崖,CTCC
福建,福州,福州驰宏汽车用品有限公司,福州晋安区福光南路9号,Others
河北,邯郸,邯郸市恒大日盛轮胎有限公司,邯郸市滏河南大街16号,Independent
河北,唐山,唐山海港特福莱汽车美容养护中心,唐山市海港区港荣街,Independent
安徽,蚌埠,蚌埠市禹会区利民轮胎服务中心,蚌埠市吴湾路北段路东76号,CTCC
安徽,合肥,红太阳汽车美容中心,合肥市瑶海区临泉东路与通达路交叉口,Independent
安徽,安庆,安庆罗德尼商贸有限公司,安庆市大观区滨江苑30栋4单元408室,Others
广东,佛山,佛山车陶居汽车服务管理连锁机构,,Others
广东,江门,江门市新会区会城富力达汽车用品商行,,CTCC
广东,深圳,深圳市宝安区胎之林轮胎行,深圳市宝安区西個戍二路西问头新村一巷3幢一楼103,Independent
广东,深圳,深圳松岗根胜汽车维修服务中心,,Others
广东,中山,中山市三角镇明顺补胎店,,Others
陕西,榆林,榆林三利轮胎经销部,榆林市上郡路,Others
陕西,汉中,汉中泰杉汽车服务有限责任公司,汉中市供电大道供电局向东100米以北,Others
陕西,榆林,榆林市光军汽车轮胎销售服务中心,榆林市汽车北站对面,Others
云南,西双版纳,景洪永康轿车服务站,景洪市宣慰大道39号,Others
云南,思茅,普洱路通轮胎商行,普洱市宁洱大道1号,Others
云南,思茅,思茅万里行轮胎店,普洱茶城大道永信酒店旁,Others
云南,曲靖,宣威市辉煌轮胎服务中心,宣威市振兴路38号,Others
云南,红河,开远智豪荣华经贸公司,云南省开远西北路330号,Others
四川,成都,兴兴新汽车服务中心,蜀光路蜀兴西街185号对面（一品天下背后）,Others
四川,宜宾,宜宾翠屏区铭健汽车装饰用品经营部,宜宾市南岸区蜀南大道中段交警处理大队一楼,Others
四川,宜宾,珙县车之驿邓禄普轮胎专卖,宜宾珙县巡场镇河西南街一段,Others
四川,德阳,永信汽车轮胎用品公司,天山南路二段翠湖花园门市382-386号,Others
四川,德阳,三台米其林轮胎服务中心,三台佳琪城市春天（广化小学旁）,Others
重庆,重庆,涪陵石锦轮胎销售有限公司,涪陵区四环路韵动人家门面,Others
重庆,重庆,万州区宏远轮胎有限公司,万州区沙龙路一段483号,Others
山西,大同,大同市城区航达轮胎经销部,大同市南三环浩海岗东200米路北（普利司通轮胎店）,Others
山西,临汾,光明轮胎经销部,山西省翼城县翔翼中街光明轮胎城,Others
广西,梧州,梧州唐小弟,梧州河堤路,Independent
广西,南宁,南宁市倍力轮胎经营部,南宁市长湖路15号（中鼎加油站旁,Others
广西,南宁,南宁市皇龙轮胎经营部,南宁市望州兴旺路口皇龙新城门面1-6号,Others
广西,柳州,柳州九华轮胎经营部,柳州市柳石路342号,Others
新疆,乌鲁木齐,喀什市利达轮胎经销部,喀什市多来提巴格路6号（69035部队出租房）,Independent
新疆,乌鲁木齐,阿克苏市诚信轮胎服务中心,,Independent
新疆,乌鲁木齐,和田市天瑞汽车用品商行,,Independent
吉林,,吉林省信源汽车服务有限公司,长春市高力北方汽贸城G17栋129  ,Others
吉林,,松原市桦林经贸有限公司普利司通轮胎店,松原市宁江区郭尔罗斯大路3378号,Others
吉林,,松原市桦林经贸有限公司马牌轮胎店,松原市经济技术开发区兴原乡单家村铁西路,Others
湖南,常德,桑植县大众倚名车饰服务中心,文明路0706号,Independent
浙江,宁波,宁海县山鹰橡胶轮胎有限公司,,Independent
陕西,西安,西安市雁塔区悦盛汽车用品商行,西安市嵩业路,CPC
河北,保定,唐县振龙轿车轮胎经销部,唐县东环路北口,Independent
福建,泉州,厦门市日日蓝宝石汽车服务有限公司,厦门市同安区环城南路北桥农行旁,Independent
山西,吕梁,榆次固铂轮胎经销部新建北路店,山西省榆次市新建北路,Independent
山西,吕梁,兴县建新轮胎行,山西省吕梁地区兴县,CTCC
陕西,,靖边县恒信轮胎服务部,靖边县河东路,CTCC
河南,濮阳,濮阳市建设路于林汽车轮胎维修部,濮阳市振兴路与建设路交叉口向东40米路北,Independent
湖北,武汉,武汉市硚口区鑫爱车汽车轮胎经营部,武汉市硚口区营房14村特一号4栋,Others
湖北,,湖北省建始景程轿车服务中心咸丰店,,Others
湖北,,恩施志远,,Others
陕西,,靖边县宏达轮胎经销部,,Others
陕西,,横山二娃轮胎服务中心,,Others
甘肃,,城关区雁滩共赢轮胎店,兰州市城关区雁西路4010号,Others
甘肃,,兰州德福莱汽车服务公司,兰州市七里河区南滨河路117号,Others
内蒙古,呼和浩特,呼和浩特市泰迪商贸有限责任公司,呼和浩特市乌兰察布东街呼市党校东侧,Others
内蒙古,呼和浩特,呼和浩特市新城区田建忠轮胎修理服务部,呼和浩特市新城区展西路幸福小区北侧,Others
内蒙古,呼和浩特,呼和浩特市赛罕区展东路恒信汽车装具部,呼和浩特市赛罕区展东路28号,Others
内蒙古,呼和浩特,呼和浩特市新城区国安汽车轮胎商行,呼和浩特市海中路中石油加油站西侧,Others
内蒙古,呼和浩特,庞建峰固特异轮胎店,呼和浩特市新建东街福成肥牛对面,Others
河北,石家庄,石家庄正定正新轮胎销售部,石家庄市桥西区自强路6号18楼,Others
河北,石家庄,石家庄市恒顺通达轮胎销售中心,石家庄市裕华东路169号恒顺通达,Others
河北,,沙城范荣伟,河北怀来县库区办门市玛吉斯轮胎,Others
河北,,宣化永祥轮胎,河北宣化体育场后门（玛吉斯轮胎）,Others
辽宁,沈阳,沈阳市宏丹宁发轮胎销售中心,沈阳市重工北街熊家港路28乙13号2-17-1,Others
辽宁,大连,大连市经济开发区弘兴轮胎公司,大连市经济技术开发区黄海西路216号,Others
辽宁,大连,大连市金州万力拿轮胎有限公司,大连市金州区解放路83号,Others
辽宁,沈阳,车之翼沈阳沈新路店,沈阳市铁西区兴华北街30号517,Others
辽宁,大连,大连旅顺区双百乐轮胎有限公司,大连市甘井子区西南路一号新华绿洲 小区65-2公建,Others
辽宁,沈阳,沈阳市仁文汽车轮胎经销一部,沈阳市沈河区团结路71-2号221,Others
辽宁,大连,大连钰马苑轮胎有限公司,大连市甘井子区华北路429号轮胎市场院内203办公室,Others
辽宁,大连,大连市连龙商贸有限公司,大连市西岗区香炉礁海达广场米其林店,Others
福建,福州,连江凤城镇锋应轮胎店,连江凤城镇104国道西侧 350500,Others
福建,宁德,古田县翁仲斌轮胎店,古田县城西街道614西路19号佳通轮胎服务商,Others
福建,莆田,凯达轮胎馆,莆田市城厢区北磨居委会对面,Others
福建,漳州,厦门市友进兴贸易有限公司,厦门市湖里区祥岭路158号(湖里交警隔壁）,Others
福建,厦门,厦门市湖里区顶荣轮胎店,厦门市厦禾路820号帝豪大厦12B03,Others
福建,厦门,金昌莱轮胎店,厦门市博士花园1号楼601,Others
福建,厦门,厦门鑫英桦实业有限公司,厦门市湖里区祥岭路150号,Others
福建,泉州,泉州市经济技术开发区裕发轮胎商行,泉州市丰泽区仁风新村36栋二楼201,Others
福建,厦门,厦门宝迪丰汽车服务有限公司,厦门市湖里区五缘西三里4号105室,Others
重庆,重庆,重庆市基竟汽修,九龙坡区九龙园区火炬大道21号,Others
重庆,重庆,重庆市地久商贸有限公司,重庆市渝北区新溉大道玛雅上层3号,Others
安徽,安庆,六安高庆丰,皖西车之友轮胎总汇,Others
浙江,杭州,杭州星工场,杭州市拱墅区康桥路67号,Others
浙江,嘉兴,海宁市元元轮胎有限公司,嘉兴海宁市硖石街道南苑路164号,Others
浙江,杭州,杭州马牌教工路店,杭州市教工路595号,Others
四川,达州,宣汉金轮汽车维修点,宣汉巴人大道加气站旁,Others
四川,巴中,平昌汽车维修门市部,平昌县新平街西段623号,Others
四川,德阳,绵竹韩泰轮胎经营部,绵竹剑南大道,Others
四川,成都,都江堰何氏轮胎,都江堰市莲花堰路39号,Others
四川,成都,华阳韩泰轮胎店,华阳南湖路69号,Others
四川,绵阳,江油市现代汽修厂,江油五建司新华加油站（平武方向）200米,Others
四川,眉山,夹江县海柯轮胎经营部,夹江迎春东路380号,Others
四川,眉山,夹江县城关晓斌轮胎经营部,夹江迎春东路385号,Others
四川,雅安,荥经优科豪马轮胎服务中心,荥经县康宁路西一段166号,Others
四川,雅安,雅安胖哥轮胎中心,雅安雨城区沙湾路87号,Others
四川,成都,成都天耀轮胎服务中心,成都红牌楼盛世路10号附25号,Others
四川,成都,卓越汽车轮胎装饰用品中心,武侯区红牌楼一街179号-3号,Others
四川,成都,西昌黄氏轮胎经营部,西昌长安路,Others
新疆,乌鲁木齐,托克逊县新盛轮胎商行普利司通轮胎店,托克逊县始昌花园19号楼（314国道旁）,Others
新疆,乌鲁木齐,乌鲁木齐佳荣轮胎修理部,乌鲁木齐青年路623号,Others
新疆,乌鲁木齐,乌鲁木齐市顺通达轮胎服务部,乌鲁木齐杭州东路78号,Others
新疆,乌鲁木齐,爱车族汽车服务中心,乌鲁木齐市鲤鱼山南路1328号,Others
新疆,乌鲁木齐,鑫凯盟汽车用品店,乌鲁木齐喀什东路1438号,Others
新疆,乌鲁木齐,乌鲁木齐市恒升轮胎经销部,乌鲁木齐市新市区文光路,Others
新疆,乌鲁木齐,新市区太原北路华阳轮胎经销部,乌鲁木齐市太原北路802号,Others
新疆,乌鲁木齐,乌鲁木齐市天山区鑫腾达汽车用品商行,乌鲁木齐市翠泉路1008号,Others
新疆,阿克苏,阿克苏胜利轮胎经销部,阿克苏市解放中路天力小区10号门面,Others
新疆,乌鲁木齐,库尔勒建新轮胎销售中心,"库尔勒市建设路辖区石化大道70号圣果名苑葡萄园1栋1层9,10号",Others
新疆,喀什,名优轿车轮胎店,喀什地区莎车县工业路白宫小区2号楼10号门面,Others
新疆,阿勒泰,富蕴县鑫广达轮胎总汇,阿勒泰富蕴县赛尔江西路17号,Others
新疆,阿勒泰,哈巴河普利司通轮胎店,阿勒泰哈巴河县民主西路269号,Others
新疆,阿勒泰,布尔津县陕西补胎轮胎大全,阿勒泰布尔津县神湖西路,Others
新疆,克拉玛依,克拉玛依白碱滩区东风修补店,克拉玛依白碱滩区门户西路121-102号,Others
新疆,乌鲁木齐,库尔勒菱达商贸有限公司,库尔勒市天山西路（五星加油站对面）,Others
新疆,乌鲁木齐,库尔勒爱车轮胎超市,库尔勒市铁门关路（南陶陶瓷城旁）,Others
新疆,乌鲁木齐,普利司通轮胎TOP店,乌鲁木齐市大湾北路890号,Others
北京,北京,北京五方飞达汽车轮胎经营中心,北京市朝阳区五方天雅汽配城西8区-80号,Independent
广西,来宾,忻城蒙建耿,忻城县,Others
广西,桂林,桂林市新干线汽车用品有限公司,桂林市环城西一路129楼24，25号,Others
吉林,长春,吉林省信源汽车服务有限公司正阳街店,,Others
广东,深圳,北京惠尔轮胎有限公司深圳分公司,,Others
广东,广州,广州市花都超强轮胎店,,Others
广东,广州,番禺区石基保珍轮胎店,,Others
广东,,龙门县车友行轮胎销售部,广东省惠州市龙门县环城南路35号首层,CTCC
广东,佛山,佛山芳荣汽车轮胎电池服务部,,Others
广东,珠海,珠海市三灶斌仔轮胎店,,Others
广东,广州,广州奋进汽车轮胎四轮定位中心,,Others
广东,广州,广州沙园社区汽车维修服务中心,广州市海珠区沙渡力路口,Independent
广东,广州,广州丰驰汽车配件经营部,,Others
广东,,东莞市信驰汽配有限公司,,Others
广东,,东莞茂强轮胎电池直销,,Others
广东,,珠海新兴汽车维修汽车电器维修商行,,Others
广东,,深圳宝安金太阳轮胎店,,Others
广东,,深圳新奇胎铃店,,Others
广东,,深圳深荣昌汽车服务有限公司,,Others
广东,,台山宏发轮胎店,,Others
广东,,佛山伟信汽车服务中心,,Others
广东,,佛山粤轮轮胎店,,Others
广东,,佛山快捷汽配城,,Others
山东,烟台,芝罘区和利天经贸有限公司,山东省烟台芝罘区新桥西路14号,Others
山东,青岛,邹平金钟罩汽车轮胎安全升级中心,邹平县城黛溪5路中段,Independent
山东,潍坊,宏宇轿车轮胎服务中心,临西9路与育才路交汇处,Others
山东,德州,宁津邓禄普轮胎,宁津县法院对面,Others
山东,烟台,烟台市芝罘区日成汽车轮胎修理部,山东省烟台市芝罘区芝罘屯路43-乙,Independent
江苏,苏州,昆山市千灯镇凤朋补胎店,江苏省昆山市万浦声荣路23~25号（秋泉家园对面）,CTCC
甘肃,天水,甘谷源昌轿车轮胎经营中心,甘肃省天水市甘谷县大象山千河源纯净水厂,CSS+
新疆,乌鲁木齐,新市区鲤鱼山南路金诚信汽车配件经营部,乌市鲤鱼山南路835号搏阳园小区3-12商铺,Independent
新疆,伊犁,阿勒泰市金山润滑油更换轮胎维修中心,阿勒泰市团结路8区257栋1层1号,Independent
河南,濮阳,长城汽车美容轮胎服务中心,河南省濮阳市濮阳县工业路南段路东,Independent
辽宁,朝阳,朝阳市双塔区车先锋汽车轮胎服务中心,朝阳双塔区龙山大街4段,Independent
山东,滨州,博兴县胜利二路晓明轮胎销售,山东省滨州市博兴县胜利二路,Independent
江西,上饶,赣州开发区宾连汽车配件销售部,江西赣州开发区金星村金蝉路,CTCC
河南,漯河,郾城区城关镇顺福经销部,河南省漯河市郾城区淞江路太阳宫楼下,Independent
广西,百色,平果县雷宇轮胎行,广西省百色市平果县马兴镇铝城大道1434、1436号,Independent
广西,玉林,陆川县江夏小车轮胎店,广西省玉林市陆川县消防中队上侧10米,Independent
北京,北京,潘彼得（北京）信息技术有限公司,北京市朝阳区朝阳门外大街99号,Independent
云南,保山,腾冲鸿兴汽车服务中心,云南省保山市腾冲县腾跃镇玉泉路88号,CTCC
云南,昆明,石林昌福汽车服务部,,Others
广东,,佛山骏景轮胎公司,,Others
广东,,佛山轮胎会,,Others
广东,,佛山汽车保姆,,Others
广东,,佛山市驰荣汽车服务部,广东省佛山市南海区平洲平西兴仁开发区1-3号铺,Independent
广东,,佛山友峰轮胎经营部,,Others
广东,,恩平南方轮胎汽配部,,Others
广东,,开平市顺业轮胎服务中心,,Others
广东,,台山顺风轮胎经营部,,Others
广东,,阳江市利华轮胎店,,Others
广东,,湛江市赤坎区精广智汽车轮胎经营部,,Others
广东,,东莞石龙超力轮胎店,,Others
广东,,深圳市日月达实业有限公司振华汽配商店,,Others
广东,,广州白云区湛通轮胎经营部店,,Others
广东,,广州从化银升汽车服务中心,,Others
广东,,广州富达汽车轮胎四轮定位中心,,Others
广东,,广州广园忠海汽车护理中心,,Others
广东,,广州市白云区德众汽车专业美容护理服务部,,Others
广东,,广州市白云区松洲华喜轮胎店,,Others
广东,,广州市白云新市利通轮胎店,,Others
广东,,广州市番禺区生生轮胎店,,Others
广东,,广州市番禺区越野兄弟汽车维修服务部,,Others
广东,,广州市世佳汽车轮胎店,,Others
广东,,广州市越秀区创友汽配店（路友）,,Others
广东,,广州天河天德美容服务中心,,Others
北京,北京,北京昌盛成一轮胎经营部,北京大兴黄村镇清源路加油站西,Independent
北京,北京,北京市可飞达汽车配件销售中心,北京昌平区回龙观北郊汽配城北门,Independent
北京,北京,北京循进汽车配件经营部,北京昌平区西关三角地天津狗不理西侧,Independent
北京,北京,北京惠达利轮胎经销中心,北京丰台区朱家坟102号,Independent
北京,北京,北京运良顺达贸易有限公司,北京市朝阳区王四营乡五方天雅汽配城东9-102号,Independent
北京,北京,北京车行天下汽车装饰中心,北京市朝阳区五方天涯汽配城西8-117,Independent
北京,北京,北京浩瀚润泽商贸有限公司,北京市朝阳区金潭西路甲1号酷东小镇B1-4,Independent
北京,北京,北京国宇行轮胎销售部,北京市大兴区黄村桥市场门脸房14号,Independent
北京,北京,北京黄村好美汽车用品销售部,北京大兴区黄村中里,Independent
北京,北京,北京路通龙发汽车服务中心,北京市大兴区广平大街62号,Independent
北京,北京,北京久利鑫通汽车配件销售中心,北京市丰台区云岗路199号,Independent
北京,北京,北京建业彤兴洗车房,北京石景山鲁名七星东街与莲石东路交汇口,Independent
北京,北京,北京益丰润杰汽车配件经营中心,北京市丰台区丰益桥西国贸汽配基地A1-1049,Independent
北京,北京,北京义凯泓诚轮胎销售中心,北京市朝阳区四元桥汽配城西区06号,Independent
北京,北京,北京正兴常在汽车配件商店,北京昌平区水屯桥往东（白浮泉路）800米路东,Independent
北京,北京,北京平安万里行汽车配件销售部,北京市顺义区后沙峪四方天龙汽车汽配城A区48-50号,Independent
北京,北京,北京四元鹏程轮胎经销部,北京市朝阳区北四环东路四元桥汽配城中区01号,Independent
北京,北京,北京宝隆盛业汽车配件商店,北京市昌平区西关小区瑞明路南侧,Independent
北京,北京,北京艺鑫燕江汽配中心,北京市通州区北关汽配城西六区11-12号,Independent
福建,南平,武夷山市爱车宝汽车美容服务部,福建省南平市武夷山市三姑度假区红袍步行街,Independent
福建,宁德,宁德市蕉城区蕉北鑫鑫轮胎经营部,福建省宁德市蕉城区单石碑路37号,Independent
浙江,金华,武义开发区大众汽车配件经营部,浙江金华武阳西路34号,Independent
浙江,金华,兰溪市车耐驰汽车轮胎服务站,浙江省金华兰溪市婺江路132号,Independent
浙江,宁波,慈溪市逍林爱车地带洗车场,,Independent
江苏,南京,南京宁顺昌商贸实业有限公司,,Independent
江苏,南京,南京市浦口区锦鹏汽车维修服务中心,南京市浦口区浦珠路一侧28号,Independent
江苏,无锡,无锡市金茂轮胎橡胶有限公司,江苏省无锡市锡山区港下镇西村五星经济园区3号,Independent
江苏,扬州,扬州市达搏睿轮胎有限公司,,Independent
江苏,盐城,大丰市一路驰轮胎经营部,江苏省盐城市益民东路,Independent
江苏,徐州,睢宁县睢城镇永心轮胎经营部,江苏省徐州市睢宁县文学北路,Independent
山东,泰安,山东环辰轮胎销售有限公司,山东省泰安市东平县城清河汽配城对过,Independent
山东,淄博,周村地航汽车美容服务店,山东省淄博市周村区体育场路751号,Independent
山东,滨州,阳信力超轮胎总汇,山东省滨州市阳信阳城三路国土资源局对过,Independent
山东,滨州,车友之家,山东省滨州市渤海十六路与黄河四路交叉口向南50米路东,Independent
山西,太原,太原市金大力轮胎连锁有限公司---千峰南路店,山西省太原市新千峰南路省地震局旁,Independent
云南,昆明,石林志雄轮胎经营部,云南省昆明市石林县石林南路廷长线林业局旁,Independent
广东,,佛山鸿章轮胎店,,Others
广东,,佛山市南海区怡顺汽车用品销售中心,,Others
广东,,广州强达轮胎总汇,,Others
广东,,广州市白云区景泰鹏骏汽车护理服务部,,Others
广东,,广州市白云区龙归广鸿轮胎店（原信诚）,,Others
广东,,广州市番禺区湛毅轮胎店,,Others
广东,,花都永安轮胎店,,Others
广东,,惠州大明汽车维修,,Others
广东,,惠州横滨轮胎店,,Others
广东,,惠州伟龙轮胎店,,Others
广东,,深圳市成荣汽车用品有限公司,深圳市宝安区沙中街道新桥汽配城一期A16号,Independent
广东,,台山行星汽车用品店,,Others
广西,,钦州陈云,,Others
广西,,钦州蓝飞鸿,,Others
四川,攀枝花,攀枝花市飞鹏物资有限责任公司（草金路店）,成都市草金路中段,CTCC
山东,滨州,成武县诚顺轮胎商行,山东省菏泽市成武县南环路中段环保局对过,Independent
广东,,从化市诚信胎铃总汇,,Others
广东,,广州市越秀区华程汽配经营部,,Others
广东,,广州市中油南岸轮胎店,,Others
广东,,揭阳市海林轮胎总汇,,Others
广东,,深圳市三好名车服务行,,Others
广东,,深圳雅迪汽车轮胎总汇,,Others
广东,,广州市越秀区车一车汽车用品商行,,Others
广东,,广州胎派客贸易有限公司,,Others
广东,,惠州市凯德顺汽车服务中心,,Others
广东,,其它（陈荣灿）,,Others
广东,,其它（广州）,,Others
广东,,东莞市汇丰轮胎店,,Others
广东,,其它（黄淳贵）,,Others
浙江,湖州,长兴明莉玛吉斯轮胎服务部（第一分店）,长兴轻纺城北大门,Independent
浙江,嘉兴,德高汽车美容行,杭州市上城区水澄路3号,Independent
上海,上海,上海市松江区九亭镇忠信轮胎修理部,上海市松江区九亭镇伴亭路401-402号,Independent
上海,上海,上海市宝山区高境镇陆仙修配站,上海市宝山区逸仙路1880号,Independent
安徽,,当涂县石桥镇小吴汽车轮胎服务中心,石桥镇街北自然村1#,Independent
安徽,,合肥宝航汽车服务有限公司,合肥市濉溪路与四里河路交叉口,Independent
北京,北京,北京迅捷恒隆汽车配件销售中心,北京市朝阳区五方天雅汽配城,Independent
河南,洛阳,洛阳市天人商贸有限公司,洛阳市东花坛,Others
河南,洛阳,洛阳市宝珂轮胎有限公司,洛阳市洛龙新区古城西路奥体花城,Others
河南,洛阳,洛阳市湹河区平安汽配商行,洛阳市湹河区九都路 ,Others
广西,,横县极速汽车轮胎服务中心（周荣劝）,,Others
广西,,龙州超力轮胎电瓶服务部（蒙洪）,,Others
黑龙江,哈尔滨,阿城大众轮胎总汇,,Others
黑龙江,大庆,安达董记轮胎商店,,Others
黑龙江,哈尔滨,巴彦龙腾轮胎经销处,,Others
黑龙江,齐齐哈尔,拜泉小邓轮胎商店,,Others
黑龙江,齐齐哈尔,拜泉中信四轮定位,,Others
黑龙江,哈尔滨,宾县金桥汽车配件商店,,Others
黑龙江,哈尔滨,达连河镇腾达汽车用品商店,,Others
黑龙江,牡丹江,东京城顺通轮胎商店,,Others
黑龙江,牡丹江,东宁迪龙汽车修理中心,,Others
黑龙江,齐齐哈尔,富裕晓春汽车轮胎商行,,Others
黑龙江,哈尔滨,哈市北方轮胎商店,,Others
黑龙江,哈尔滨,哈市北力轮胎销售有限公司,,Others
黑龙江,哈尔滨,哈市成达汽车轮胎商店,,Others
黑龙江,哈尔滨,哈市大成四轮定位,,Others
黑龙江,哈尔滨,哈市平伟轮胎商店,,Others
黑龙江,哈尔滨,哈市新北方轮胎有限公司,,Others
黑龙江,哈尔滨,哈市鑫世轩轮胎商店,,Others
黑龙江,哈尔滨,哈市信恒轮胎经销有限公司,,Others
黑龙江,呼伦贝尔,海拉尔天骄车饰,,Others
黑龙江,绥化,海伦百达轮胎经销商店,,Others
黑龙江,绥化,海伦益弛汽车美容装饰,,Others
黑龙江,哈尔滨,呼兰洪霞轮胎修理部,,Others
黑龙江,鸡西,鸡西天时轮胎商店,,Others
黑龙江,伊春,嘉荫老刘轮胎商店,,Others
黑龙江,绥化,兰西腾飞轮胎修理部,,Others
黑龙江,大兴安岭,漠河北林北林轮胎商店,,Others
黑龙江,牡丹江,牡丹江鑫顺通轮胎商店,,Others
黑龙江,哈尔滨,木兰水晶街汽车用品商店,,Others
黑龙江,七台河,七台河建新轮胎商行,,Others
黑龙江,绥化,青冈县二涛补胎行,,Others
黑龙江,哈尔滨,尚志国晶轮胎修理部,,Others
黑龙江,伊春,双丰林业局永君轮胎商店,,Others
黑龙江,绥化,绥棱名流汽车美容养护服务中心,,Others
黑龙江,伊春,铁力胡老三轮胎总汇,,Others
黑龙江,哈尔滨,通河桦林轮胎经销处,,Others
黑龙江,哈尔滨,五常精华轮胎商店,,Others
黑龙江,黑河,五大连池天源轮胎商店,,Others
黑龙江,哈尔滨,兴隆镇兴隆轮胎大全,,Others
黑龙江,呼伦贝尔,牙克石顺兴轮胎商店,,Others
黑龙江,伊春,伊春百路汽车用品经销有限公司,,Others
山东,莱芜,莱芜市钢城区城子坡立明修理部,山东省莱芜市钢城开发区农信社斜对面,Independent
江苏,扬州,扬州市广陵区小曹轮胎销售部,江苏省扬州市文昌北苑,Independent
江苏,盐城,响水县骏达维修部,江苏省盐城市响水县新客站南80米天宇宾馆巷内,Independent
江苏,徐州,新浦区新城社区润德汽车用品店,江苏省连云港新浦巨龙南路,Independent
河南,郑州,中牟县东洋轮胎机油销售部,河南省郑州市中牟县尼桑大道中段,Independent
河南,驻马店,小伟汽修,河南省新郑市郑新路295号,Independent
浙江,温州,乐清市驰达汽车维修装潢有限公司,,Independent
浙江,温州,阿丙汽车美容店,,Independent
江西,南昌,江西雅朗实业有限公司,,Independent
福建,,福清市宏路霞河小游轮胎店,福清市石竹街道20号,Independent
江苏,连云港,连云港宏图轮胎销售服务中心,连云港连云区中山东路311-4号,Independent
江苏,,京口区好再来轮胎商行,"江苏省镇江市花山湾新村九区28号3幢第二层105,104室",Independent
山东,潍坊,潍坊汽配商城长春一汽配件销售处,山东潍坊市奎文区葛飞路480号（汽配商城东楼1号）,Independent
山东,临沂,费县费城镇顺发洗车店,费县沂蒙路与建设西路交汇处南500米,Independent
山东,泰安,泰安市岱岳区瑞通汽车快修服务处,泰安市光彩大市场一区路口（泰山区一栋一层25、27号）,Independent
山东,烟台,龙口市龙新汽车养护中心,龙口市新嘉国税局东50米,Independent
山东,烟台,招远市招城李伟轮胎修理部,招远市金城路西269号,Independent
山东,东营,东营市华祥工贸有限公司(北二路店),东营市西城北二路与西三路交叉路口向西10米,Independent
重庆,重庆,重庆顺锦来汽车维修服务有限责任公司（江北店）,重庆市渝北区红石路12号附1号,Independent
山西,,榆次固铂轮胎经销部-榆次老城店,,Independent
河南,,武陵县永强轮胎经营部,武陵县朝阳一街东段,Independent
河南,,郑州市金水区汇通轮胎修理部,东明路108号,Independent
内蒙古,,达茂旗嘉禾汽车服务部,达茂旗百灵庙,Independent
北京,,北京市坤远汽车维修有限公司,北京密山汽车站西侧路南50米,Independent
广东,,高要市金利镇创丰汽车美容服务中心,高要市金利镇高要路口,Independent
广东,,东莞市翁记轮胎公司,,Others
广东,,南海九江镇信誉轮胎店,,Others
广东,,深圳宝驰胜汽车服务有限公司,,Others
江西,萍乡,萍乡市海洋汽车用品行,萍乡市金陵西路26号中级法院对面,Independent
江西,新余,美车饰汽车音响装饰中心,新余市站前西路延伸段老乡村正对面,Independent
江西,吉安,吉安市泰和县车友汽车修理厂,吉安市泰和县上田圆盘信用社院内,Independent
江西,抚州,阿斌汽车养护中心,抚州市红石嘴减震器厂斜对面,Independent
广西,南宁,南宁市奇旺轮胎,,Others
广西,南宁,南宁市驰奔轮胎,,Others
江苏,,吴江市龙盛轮胎商店,江苏省吴江市金家坝金贤路9号,Independent
江苏,,昆山市张浦镇家乐车业汽车配件商店,江苏省昆山市张浦镇商鞅路138-140号,Independent
江苏,,宝应安宜镇陈三轮胎经营部,江苏省宝应县贸易城门前大街43-44号8条街,Independent
江苏,,昆山市周市镇薄利轮胎修补店,江苏省昆山市周市镇青阳北路幼儿园旁,Independent
山东,,青岛金元帅轮胎销售有限公司,山东省青岛市李沧区黑龙江路850-14号,Independent
辽宁,,大宝轮胎修理部,抚顺市新航区新航路龙达开发区综合楼2号门市,Independent
辽宁,,鼎馨轮胎商行,铁岭市银州区娱乐街特殊教育学校1号门市,Independent